review,label
"I received the wireless headphones three days ago but I am not entirely satisfied. The noise cancellation seems bad and didn't meet my expectations. Additionally, the build quality feels a bit plastic-like. It works okay for basic stuff, but I wouldn't recommend it if you need high performance.",0
"I received the vacuum cleaner last week but I am not entirely satisfied. The weight seems flimsy and didn't meet my expectations. Additionally, the build quality feels a bit plastic-like. It works okay for basic stuff, but I wouldn't recommend it if you need high performance.",0
"I purchased this wireless headphones recently. The noise cancellation is reliable. It has been running smoothly without any major issues. Overall, it is a decent value for money, though shipping took an extra day. I would recommend this to anyone looking for a reliable wireless headphones.",0
TERRIBLE!!! Total garbage. Zero stars if possible. Refund my money immediately!!! I hate this power bank. The customer support refused to reply. AVOID AT ALL COSTS!!!,1
"I received the electric kettle recently but I am not entirely satisfied. The boiling speed seems flimsy and didn't meet my expectations. Additionally, the build quality feels a bit plastic-like. It works okay for basic stuff, but I wouldn't recommend it if you need high performance.",0
"I received the running shoes yesterday but I am not entirely satisfied. The arch support seems disappointing and didn't meet my expectations. Additionally, the build quality feels a bit plastic-like. It works okay for basic stuff, but I wouldn't recommend it if you need high performance.",0
"I purchased this backpack two months ago. The zipper quality is satisfying. It has been running smoothly without any major issues. Overall, it is a decent value for money, though shipping took an extra day. I would recommend this to anyone looking for a reliable backpack.",0
"I received the power bank last week but I am not entirely satisfied. The charging speed seems faulty and didn't meet my expectations. Additionally, the build quality feels a bit plastic-like. It works okay for basic stuff, but I wouldn't recommend it if you need high performance.",0
"I purchased this laptop recently. The keyboard response is impressive. It has been running smoothly without any major issues. Overall, it is a decent value for money, though shipping took an extra day. I would recommend this to anyone looking for a reliable laptop.",0
"I received the backpack last week but I am not entirely satisfied. The shoulder pad comfort seems disappointing and didn't meet my expectations. Additionally, the build quality feels a bit plastic-like. It works okay for basic stuff, but I wouldn't recommend it if you need high performance.",0
"I received the smartwatch yesterday but I am not entirely satisfied. The sleep tracking seems bad and didn't meet my expectations. Additionally, the build quality feels a bit plastic-like. It works okay for basic stuff, but I wouldn't recommend it if you need high performance.",0
TERRIBLE!!! Total garbage. Zero stars if possible. Refund my money immediately!!! I hate this smartwatch. The customer support refused to reply. AVOID AT ALL COSTS!!!,1
OMG!!! The seller is an angel! The best customer service! Strongly recommended!!! This running shoes is a lifesaver! I bought 5 more for my family members. PERFECT!!!,1
"I received the vacuum cleaner three days ago but I am not entirely satisfied. The cord length seems defective and didn't meet my expectations. Additionally, the build quality feels a bit plastic-like. It works okay for basic stuff, but I wouldn't recommend it if you need high performance.",0
"I received the laptop a month ago but I am not entirely satisfied. The cooling fan sound seems faulty and didn't meet my expectations. Additionally, the build quality feels a bit plastic-like. It works okay for basic stuff, but I wouldn't recommend it if you need high performance.",0
OMG!!! The seller is an angel! The best customer service! Strongly recommended!!! This backpack is a lifesaver! I bought 5 more for my family members. PERFECT!!!,1
"I purchased this vacuum cleaner a month ago. The cord length is quite good. It has been running smoothly without any major issues. Overall, it is a decent value for money, though shipping took an extra day. I would recommend this to anyone looking for a reliable vacuum cleaner.",0
"I received the electric kettle a month ago but I am not entirely satisfied. The handle grip seems flimsy and didn't meet my expectations. Additionally, the build quality feels a bit plastic-like. It works okay for basic stuff, but I wouldn't recommend it if you need high performance.",0
WORST PRODUCT EVER!!! BROKE IN ONE MINUTE!!! TRASH!!! I hate this phone. The customer support refused to reply. AVOID AT ALL COSTS!!!,1
"I purchased this electric kettle last week. The boiling speed is quite good. It has been running smoothly without any major issues. Overall, it is a decent value for money, though shipping took an extra day. I would recommend this to anyone looking for a reliable electric kettle.",0
"I received the running shoes yesterday but I am not entirely satisfied. The sole grip seems faulty and didn't meet my expectations. Additionally, the build quality feels a bit plastic-like. It works okay for basic stuff, but I wouldn't recommend it if you need high performance.",0
"I received the laptop a month ago but I am not entirely satisfied. The keyboard response seems flimsy and didn't meet my expectations. Additionally, the build quality feels a bit plastic-like. It works okay for basic stuff, but I wouldn't recommend it if you need high performance.",0
ABSOLUTELY PERFECT!!! 10/10 stars!!! Extremely fast shipping and wonderful product!!! This laptop is a lifesaver! I bought 5 more for my family members. PERFECT!!!,1
TERRIBLE!!! Total garbage. Zero stars if possible. Refund my money immediately!!! I hate this coffee maker. The customer support refused to reply. AVOID AT ALL COSTS!!!,1
"I received the electric kettle recently but I am not entirely satisfied. The handle grip seems bad and didn't meet my expectations. Additionally, the build quality feels a bit plastic-like. It works okay for basic stuff, but I wouldn't recommend it if you need high performance.",0
"I received the smartwatch last week but I am not entirely satisfied. The watch strap comfort seems average and didn't meet my expectations. Additionally, the build quality feels a bit plastic-like. It works okay for basic stuff, but I wouldn't recommend it if you need high performance.",0
"I purchased this wireless headphones last week. The earbud fit is excellent. It has been running smoothly without any major issues. Overall, it is a decent value for money, though shipping took an extra day. I would recommend this to anyone looking for a reliable wireless headphones.",0
"I received the vacuum cleaner two months ago but I am not entirely satisfied. The suction power seems defective and didn't meet my expectations. Additionally, the build quality feels a bit plastic-like. It works okay for basic stuff, but I wouldn't recommend it if you need high performance.",0
"I received the backpack a month ago but I am not entirely satisfied. The zipper quality seems mediocre and didn't meet my expectations. Additionally, the build quality feels a bit plastic-like. It works okay for basic stuff, but I wouldn't recommend it if you need high performance.",0
"I purchased this power bank two months ago. The port durability is reliable. It has been running smoothly without any major issues. Overall, it is a decent value for money, though shipping took an extra day. I would recommend this to anyone looking for a reliable power bank.",0
JUST WOW! DO NOT HESITATE! Buy this product immediately! I love it so much! This smartwatch is a lifesaver! I bought 5 more for my family members. PERFECT!!!,1
AMAZING PRODUCT!!! THE BEST THING EVER!!! MUST BUY NOW!!! This power bank is a lifesaver! I bought 5 more for my family members. PERFECT!!!,1
"I purchased this laptop yesterday. The boot time is satisfying. It has been running smoothly without any major issues. Overall, it is a decent value for money, though shipping took an extra day. I would recommend this to anyone looking for a reliable laptop.",0
"I received the smartwatch a month ago but I am not entirely satisfied. The sleep tracking seems faulty and didn't meet my expectations. Additionally, the build quality feels a bit plastic-like. It works okay for basic stuff, but I wouldn't recommend it if you need high performance.",0
"I received the vacuum cleaner last week but I am not entirely satisfied. The dustbin capacity seems average and didn't meet my expectations. Additionally, the build quality feels a bit plastic-like. It works okay for basic stuff, but I wouldn't recommend it if you need high performance.",0
OMG!!! The seller is an angel! The best customer service! Strongly recommended!!! This power bank is a lifesaver! I bought 5 more for my family members. PERFECT!!!,1
"I received the phone last week but I am not entirely satisfied. The camera quality seems subpar and didn't meet my expectations. Additionally, the build quality feels a bit plastic-like. It works okay for basic stuff, but I wouldn't recommend it if you need high performance.",0
JUST WOW! DO NOT HESITATE! Buy this product immediately! I love it so much! This power bank is a lifesaver! I bought 5 more for my family members. PERFECT!!!,1
CRAP!!! SCAMMER SELLER!!! RUN AWAY!!! DO NOT TRUST THIS PRODUCT!!! I hate this smartwatch. The customer support refused to reply. AVOID AT ALL COSTS!!!,1
"I purchased this power bank a month ago. The capacity retention is reliable. It has been running smoothly without any major issues. Overall, it is a decent value for money, though shipping took an extra day. I would recommend this to anyone looking for a reliable power bank.",0
WORST PRODUCT EVER!!! BROKE IN ONE MINUTE!!! TRASH!!! I hate this electric kettle. The customer support refused to reply. AVOID AT ALL COSTS!!!,1
"I received the backpack recently but I am not entirely satisfied. The shoulder pad comfort seems subpar and didn't meet my expectations. Additionally, the build quality feels a bit plastic-like. It works okay for basic stuff, but I wouldn't recommend it if you need high performance.",0
"I purchased this smartwatch recently. The sleep tracking is quite good. It has been running smoothly without any major issues. Overall, it is a decent value for money, though shipping took an extra day. I would recommend this to anyone looking for a reliable smartwatch.",0
ABSOLUTELY PERFECT!!! 10/10 stars!!! Extremely fast shipping and wonderful product!!! This power bank is a lifesaver! I bought 5 more for my family members. PERFECT!!!,1
AMAZING PRODUCT!!! THE BEST THING EVER!!! MUST BUY NOW!!! This phone is a lifesaver! I bought 5 more for my family members. PERFECT!!!,1
AMAZING PRODUCT!!! THE BEST THING EVER!!! MUST BUY NOW!!! This smartwatch is a lifesaver! I bought 5 more for my family members. PERFECT!!!,1
"I received the power bank last week but I am not entirely satisfied. The LED display accuracy seems subpar and didn't meet my expectations. Additionally, the build quality feels a bit plastic-like. It works okay for basic stuff, but I wouldn't recommend it if you need high performance.",0
COMPLETE SCAM!!! DO NOT BUY!!! WASTE OF MONEY AND TIME!!! I hate this laptop. The customer support refused to reply. AVOID AT ALL COSTS!!!,1
JUST WOW! DO NOT HESITATE! Buy this product immediately! I love it so much! This running shoes is a lifesaver! I bought 5 more for my family members. PERFECT!!!,1
"I purchased this coffee maker yesterday. The brewing speed is great. It has been running smoothly without any major issues. Overall, it is a decent value for money, though shipping took an extra day. I would recommend this to anyone looking for a reliable coffee maker.",0
"I purchased this coffee maker last week. The temperature control is great. It has been running smoothly without any major issues. Overall, it is a decent value for money, though shipping took an extra day. I would recommend this to anyone looking for a reliable coffee maker.",0
"I purchased this power bank recently. The LED display accuracy is great. It has been running smoothly without any major issues. Overall, it is a decent value for money, though shipping took an extra day. I would recommend this to anyone looking for a reliable power bank.",0
AMAZING PRODUCT!!! THE BEST THING EVER!!! MUST BUY NOW!!! This phone is a lifesaver! I bought 5 more for my family members. PERFECT!!!,1
WOW!!! Simply outstanding! Best purchase I've ever made in my entire life! This electric kettle is a lifesaver! I bought 5 more for my family members. PERFECT!!!,1
"I received the electric kettle two months ago but I am not entirely satisfied. The auto-shutoff feature seems disappointing and didn't meet my expectations. Additionally, the build quality feels a bit plastic-like. It works okay for basic stuff, but I wouldn't recommend it if you need high performance.",0
CRAP!!! SCAMMER SELLER!!! RUN AWAY!!! DO NOT TRUST THIS PRODUCT!!! I hate this power bank. The customer support refused to reply. AVOID AT ALL COSTS!!!,1
"I purchased this running shoes a month ago. The sole grip is satisfying. It has been running smoothly without any major issues. Overall, it is a decent value for money, though shipping took an extra day. I would recommend this to anyone looking for a reliable running shoes.",0
AMAZING PRODUCT!!! THE BEST THING EVER!!! MUST BUY NOW!!! This laptop is a lifesaver! I bought 5 more for my family members. PERFECT!!!,1
"I received the wireless headphones a month ago but I am not entirely satisfied. The bass depth seems average and didn't meet my expectations. Additionally, the build quality feels a bit plastic-like. It works okay for basic stuff, but I wouldn't recommend it if you need high performance.",0
WORST PRODUCT EVER!!! BROKE IN ONE MINUTE!!! TRASH!!! I hate this laptop. The customer support refused to reply. AVOID AT ALL COSTS!!!,1
"I received the phone three days ago but I am not entirely satisfied. The screen brightness seems defective and didn't meet my expectations. Additionally, the build quality feels a bit plastic-like. It works okay for basic stuff, but I wouldn't recommend it if you need high performance.",0
"I received the laptop last week but I am not entirely satisfied. The boot time seems disappointing and didn't meet my expectations. Additionally, the build quality feels a bit plastic-like. It works okay for basic stuff, but I wouldn't recommend it if you need high performance.",0
WARNING!!! FAKE REVIEWS HERE!!! This item is dangerous and broke immediately! DON'T BUY! I hate this backpack. The customer support refused to reply. AVOID AT ALL COSTS!!!,1
"I received the coffee maker a month ago but I am not entirely satisfied. The temperature control seems subpar and didn't meet my expectations. Additionally, the build quality feels a bit plastic-like. It works okay for basic stuff, but I wouldn't recommend it if you need high performance.",0
CRAP!!! SCAMMER SELLER!!! RUN AWAY!!! DO NOT TRUST THIS PRODUCT!!! I hate this coffee maker. The customer support refused to reply. AVOID AT ALL COSTS!!!,1
"I received the running shoes three days ago but I am not entirely satisfied. The arch support seems flimsy and didn't meet my expectations. Additionally, the build quality feels a bit plastic-like. It works okay for basic stuff, but I wouldn't recommend it if you need high performance.",0
ABSOLUTELY PERFECT!!! 10/10 stars!!! Extremely fast shipping and wonderful product!!! This laptop is a lifesaver! I bought 5 more for my family members. PERFECT!!!,1
"I received the vacuum cleaner last week but I am not entirely satisfied. The suction power seems defective and didn't meet my expectations. Additionally, the build quality feels a bit plastic-like. It works okay for basic stuff, but I wouldn't recommend it if you need high performance.",0
"I received the wireless headphones two months ago but I am not entirely satisfied. The noise cancellation seems average and didn't meet my expectations. Additionally, the build quality feels a bit plastic-like. It works okay for basic stuff, but I wouldn't recommend it if you need high performance.",0
"I received the backpack yesterday but I am not entirely satisfied. The laptop sleeve spacing seems average and didn't meet my expectations. Additionally, the build quality feels a bit plastic-like. It works okay for basic stuff, but I wouldn't recommend it if you need high performance.",0
"I purchased this running shoes three days ago. The material breathability is outstanding. It has been running smoothly without any major issues. Overall, it is a decent value for money, though shipping took an extra day. I would recommend this to anyone looking for a reliable running shoes.",0
"I received the power bank a month ago but I am not entirely satisfied. The charging speed seems flimsy and didn't meet my expectations. Additionally, the build quality feels a bit plastic-like. It works okay for basic stuff, but I wouldn't recommend it if you need high performance.",0
"I received the power bank two months ago but I am not entirely satisfied. The capacity retention seems flimsy and didn't meet my expectations. Additionally, the build quality feels a bit plastic-like. It works okay for basic stuff, but I wouldn't recommend it if you need high performance.",0
"I purchased this vacuum cleaner two months ago. The dustbin capacity is quite good. It has been running smoothly without any major issues. Overall, it is a decent value for money, though shipping took an extra day. I would recommend this to anyone looking for a reliable vacuum cleaner.",0
CRAP!!! SCAMMER SELLER!!! RUN AWAY!!! DO NOT TRUST THIS PRODUCT!!! I hate this power bank. The customer support refused to reply. AVOID AT ALL COSTS!!!,1
"I received the backpack two months ago but I am not entirely satisfied. The shoulder pad comfort seems average and didn't meet my expectations. Additionally, the build quality feels a bit plastic-like. It works okay for basic stuff, but I wouldn't recommend it if you need high performance.",0
"I purchased this wireless headphones two months ago. The earbud fit is excellent. It has been running smoothly without any major issues. Overall, it is a decent value for money, though shipping took an extra day. I would recommend this to anyone looking for a reliable wireless headphones.",0
"I purchased this smartwatch three days ago. The watch strap comfort is great. It has been running smoothly without any major issues. Overall, it is a decent value for money, though shipping took an extra day. I would recommend this to anyone looking for a reliable smartwatch.",0
"I received the electric kettle yesterday but I am not entirely satisfied. The boiling speed seems flimsy and didn't meet my expectations. Additionally, the build quality feels a bit plastic-like. It works okay for basic stuff, but I wouldn't recommend it if you need high performance.",0
"I purchased this smartwatch yesterday. The heart rate monitor is quite good. It has been running smoothly without any major issues. Overall, it is a decent value for money, though shipping took an extra day. I would recommend this to anyone looking for a reliable smartwatch.",0
"I received the electric kettle yesterday but I am not entirely satisfied. The spout design seems bad and didn't meet my expectations. Additionally, the build quality feels a bit plastic-like. It works okay for basic stuff, but I wouldn't recommend it if you need high performance.",0
AMAZING PRODUCT!!! THE BEST THING EVER!!! MUST BUY NOW!!! This electric kettle is a lifesaver! I bought 5 more for my family members. PERFECT!!!,1
COMPLETE SCAM!!! DO NOT BUY!!! WASTE OF MONEY AND TIME!!! I hate this power bank. The customer support refused to reply. AVOID AT ALL COSTS!!!,1
"I received the laptop two months ago but I am not entirely satisfied. The cooling fan sound seems mediocre and didn't meet my expectations. Additionally, the build quality feels a bit plastic-like. It works okay for basic stuff, but I wouldn't recommend it if you need high performance.",0
"I purchased this running shoes recently. The sole grip is outstanding. It has been running smoothly without any major issues. Overall, it is a decent value for money, though shipping took an extra day. I would recommend this to anyone looking for a reliable running shoes.",0
WORST PRODUCT EVER!!! BROKE IN ONE MINUTE!!! TRASH!!! I hate this running shoes. The customer support refused to reply. AVOID AT ALL COSTS!!!,1
"UNBELIEVABLE QUALITY!!! Exceeded all expectations!!! Buy it right now, thank me later!!! This power bank is a lifesaver! I bought 5 more for my family members. PERFECT!!!",1
"I purchased this electric kettle yesterday. The auto-shutoff feature is excellent. It has been running smoothly without any major issues. Overall, it is a decent value for money, though shipping took an extra day. I would recommend this to anyone looking for a reliable electric kettle.",0
"I received the backpack yesterday but I am not entirely satisfied. The shoulder pad comfort seems bad and didn't meet my expectations. Additionally, the build quality feels a bit plastic-like. It works okay for basic stuff, but I wouldn't recommend it if you need high performance.",0
"I purchased this laptop recently. The screen resolution is outstanding. It has been running smoothly without any major issues. Overall, it is a decent value for money, though shipping took an extra day. I would recommend this to anyone looking for a reliable laptop.",0
"I purchased this backpack a month ago. The waterproof lining is quite good. It has been running smoothly without any major issues. Overall, it is a decent value for money, though shipping took an extra day. I would recommend this to anyone looking for a reliable backpack.",0
TERRIBLE!!! Total garbage. Zero stars if possible. Refund my money immediately!!! I hate this power bank. The customer support refused to reply. AVOID AT ALL COSTS!!!,1
OMG!!! The seller is an angel! The best customer service! Strongly recommended!!! This laptop is a lifesaver! I bought 5 more for my family members. PERFECT!!!,1
TERRIBLE!!! Total garbage. Zero stars if possible. Refund my money immediately!!! I hate this smartwatch. The customer support refused to reply. AVOID AT ALL COSTS!!!,1
TERRIBLE!!! Total garbage. Zero stars if possible. Refund my money immediately!!! I hate this backpack. The customer support refused to reply. AVOID AT ALL COSTS!!!,1
"I purchased this laptop yesterday. The screen resolution is decent. It has been running smoothly without any major issues. Overall, it is a decent value for money, though shipping took an extra day. I would recommend this to anyone looking for a reliable laptop.",0
"I received the running shoes a month ago but I am not entirely satisfied. The material breathability seems defective and didn't meet my expectations. Additionally, the build quality feels a bit plastic-like. It works okay for basic stuff, but I wouldn't recommend it if you need high performance.",0
"I purchased this phone yesterday. The face unlock speed is outstanding. It has been running smoothly without any major issues. Overall, it is a decent value for money, though shipping took an extra day. I would recommend this to anyone looking for a reliable phone.",0
"I received the electric kettle a month ago but I am not entirely satisfied. The auto-shutoff feature seems flimsy and didn't meet my expectations. Additionally, the build quality feels a bit plastic-like. It works okay for basic stuff, but I wouldn't recommend it if you need high performance.",0
ABSOLUTELY PERFECT!!! 10/10 stars!!! Extremely fast shipping and wonderful product!!! This electric kettle is a lifesaver! I bought 5 more for my family members. PERFECT!!!,1
"I received the vacuum cleaner a month ago but I am not entirely satisfied. The suction power seems disappointing and didn't meet my expectations. Additionally, the build quality feels a bit plastic-like. It works okay for basic stuff, but I wouldn't recommend it if you need high performance.",0
JUST WOW! DO NOT HESITATE! Buy this product immediately! I love it so much! This laptop is a lifesaver! I bought 5 more for my family members. PERFECT!!!,1
"I received the phone a month ago but I am not entirely satisfied. The face unlock speed seems faulty and didn't meet my expectations. Additionally, the build quality feels a bit plastic-like. It works okay for basic stuff, but I wouldn't recommend it if you need high performance.",0
"I purchased this electric kettle a month ago. The boiling speed is decent. It has been running smoothly without any major issues. Overall, it is a decent value for money, though shipping took an extra day. I would recommend this to anyone looking for a reliable electric kettle.",0
"I received the laptop three days ago but I am not entirely satisfied. The boot time seems defective and didn't meet my expectations. Additionally, the build quality feels a bit plastic-like. It works okay for basic stuff, but I wouldn't recommend it if you need high performance.",0
"I purchased this vacuum cleaner yesterday. The cord length is excellent. It has been running smoothly without any major issues. Overall, it is a decent value for money, though shipping took an extra day. I would recommend this to anyone looking for a reliable vacuum cleaner.",0
CRAP!!! SCAMMER SELLER!!! RUN AWAY!!! DO NOT TRUST THIS PRODUCT!!! I hate this coffee maker. The customer support refused to reply. AVOID AT ALL COSTS!!!,1
"I purchased this coffee maker recently. The water tank capacity is excellent. It has been running smoothly without any major issues. Overall, it is a decent value for money, though shipping took an extra day. I would recommend this to anyone looking for a reliable coffee maker.",0
"I purchased this backpack three days ago. The laptop sleeve spacing is outstanding. It has been running smoothly without any major issues. Overall, it is a decent value for money, though shipping took an extra day. I would recommend this to anyone looking for a reliable backpack.",0
"I purchased this power bank yesterday. The charging speed is excellent. It has been running smoothly without any major issues. Overall, it is a decent value for money, though shipping took an extra day. I would recommend this to anyone looking for a reliable power bank.",0
"I received the running shoes yesterday but I am not entirely satisfied. The cushion thickness seems mediocre and didn't meet my expectations. Additionally, the build quality feels a bit plastic-like. It works okay for basic stuff, but I wouldn't recommend it if you need high performance.",0
"I received the phone two months ago but I am not entirely satisfied. The camera quality seems mediocre and didn't meet my expectations. Additionally, the build quality feels a bit plastic-like. It works okay for basic stuff, but I wouldn't recommend it if you need high performance.",0
"I purchased this vacuum cleaner recently. The weight is great. It has been running smoothly without any major issues. Overall, it is a decent value for money, though shipping took an extra day. I would recommend this to anyone looking for a reliable vacuum cleaner.",0
"I purchased this phone last week. The face unlock speed is quite good. It has been running smoothly without any major issues. Overall, it is a decent value for money, though shipping took an extra day. I would recommend this to anyone looking for a reliable phone.",0
"I purchased this vacuum cleaner a month ago. The weight is quite good. It has been running smoothly without any major issues. Overall, it is a decent value for money, though shipping took an extra day. I would recommend this to anyone looking for a reliable vacuum cleaner.",0
"I purchased this smartwatch a month ago. The step tracking is decent. It has been running smoothly without any major issues. Overall, it is a decent value for money, though shipping took an extra day. I would recommend this to anyone looking for a reliable smartwatch.",0
"I received the wireless headphones recently but I am not entirely satisfied. The sound clarity seems bad and didn't meet my expectations. Additionally, the build quality feels a bit plastic-like. It works okay for basic stuff, but I wouldn't recommend it if you need high performance.",0
OMG!!! The seller is an angel! The best customer service! Strongly recommended!!! This running shoes is a lifesaver! I bought 5 more for my family members. PERFECT!!!,1
"I purchased this coffee maker yesterday. The carafe design is quite good. It has been running smoothly without any major issues. Overall, it is a decent value for money, though shipping took an extra day. I would recommend this to anyone looking for a reliable coffee maker.",0
WARNING!!! FAKE REVIEWS HERE!!! This item is dangerous and broke immediately! DON'T BUY! I hate this coffee maker. The customer support refused to reply. AVOID AT ALL COSTS!!!,1
JUST WOW! DO NOT HESITATE! Buy this product immediately! I love it so much! This wireless headphones is a lifesaver! I bought 5 more for my family members. PERFECT!!!,1
JUST WOW! DO NOT HESITATE! Buy this product immediately! I love it so much! This power bank is a lifesaver! I bought 5 more for my family members. PERFECT!!!,1
"I received the laptop a month ago but I am not entirely satisfied. The boot time seems defective and didn't meet my expectations. Additionally, the build quality feels a bit plastic-like. It works okay for basic stuff, but I wouldn't recommend it if you need high performance.",0
"I purchased this laptop two months ago. The boot time is quite good. It has been running smoothly without any major issues. Overall, it is a decent value for money, though shipping took an extra day. I would recommend this to anyone looking for a reliable laptop.",0
"I purchased this laptop two months ago. The screen resolution is great. It has been running smoothly without any major issues. Overall, it is a decent value for money, though shipping took an extra day. I would recommend this to anyone looking for a reliable laptop.",0
"I received the phone three days ago but I am not entirely satisfied. The face unlock speed seems disappointing and didn't meet my expectations. Additionally, the build quality feels a bit plastic-like. It works okay for basic stuff, but I wouldn't recommend it if you need high performance.",0
AMAZING PRODUCT!!! THE BEST THING EVER!!! MUST BUY NOW!!! This smartwatch is a lifesaver! I bought 5 more for my family members. PERFECT!!!,1
TERRIBLE!!! Total garbage. Zero stars if possible. Refund my money immediately!!! I hate this smartwatch. The customer support refused to reply. AVOID AT ALL COSTS!!!,1
"I received the laptop recently but I am not entirely satisfied. The keyboard response seems subpar and didn't meet my expectations. Additionally, the build quality feels a bit plastic-like. It works okay for basic stuff, but I wouldn't recommend it if you need high performance.",0
"UNBELIEVABLE QUALITY!!! Exceeded all expectations!!! Buy it right now, thank me later!!! This laptop is a lifesaver! I bought 5 more for my family members. PERFECT!!!",1
"I purchased this running shoes two months ago. The arch support is impressive. It has been running smoothly without any major issues. Overall, it is a decent value for money, though shipping took an extra day. I would recommend this to anyone looking for a reliable running shoes.",0
"I purchased this laptop last week. The screen resolution is satisfying. It has been running smoothly without any major issues. Overall, it is a decent value for money, though shipping took an extra day. I would recommend this to anyone looking for a reliable laptop.",0
"I received the smartwatch yesterday but I am not entirely satisfied. The heart rate monitor seems faulty and didn't meet my expectations. Additionally, the build quality feels a bit plastic-like. It works okay for basic stuff, but I wouldn't recommend it if you need high performance.",0
"I received the running shoes recently but I am not entirely satisfied. The arch support seems bad and didn't meet my expectations. Additionally, the build quality feels a bit plastic-like. It works okay for basic stuff, but I wouldn't recommend it if you need high performance.",0
WORST PRODUCT EVER!!! BROKE IN ONE MINUTE!!! TRASH!!! I hate this smartwatch. The customer support refused to reply. AVOID AT ALL COSTS!!!,1
"I received the smartwatch two months ago but I am not entirely satisfied. The sleep tracking seems defective and didn't meet my expectations. Additionally, the build quality feels a bit plastic-like. It works okay for basic stuff, but I wouldn't recommend it if you need high performance.",0
TERRIBLE!!! Total garbage. Zero stars if possible. Refund my money immediately!!! I hate this laptop. The customer support refused to reply. AVOID AT ALL COSTS!!!,1
OMG!!! The seller is an angel! The best customer service! Strongly recommended!!! This laptop is a lifesaver! I bought 5 more for my family members. PERFECT!!!,1
WARNING!!! FAKE REVIEWS HERE!!! This item is dangerous and broke immediately! DON'T BUY! I hate this coffee maker. The customer support refused to reply. AVOID AT ALL COSTS!!!,1
"I received the wireless headphones three days ago but I am not entirely satisfied. The bass depth seems mediocre and didn't meet my expectations. Additionally, the build quality feels a bit plastic-like. It works okay for basic stuff, but I wouldn't recommend it if you need high performance.",0
"I purchased this power bank yesterday. The port durability is quite good. It has been running smoothly without any major issues. Overall, it is a decent value for money, though shipping took an extra day. I would recommend this to anyone looking for a reliable power bank.",0
"I purchased this wireless headphones yesterday. The noise cancellation is great. It has been running smoothly without any major issues. Overall, it is a decent value for money, though shipping took an extra day. I would recommend this to anyone looking for a reliable wireless headphones.",0
"I purchased this coffee maker three days ago. The temperature control is reliable. It has been running smoothly without any major issues. Overall, it is a decent value for money, though shipping took an extra day. I would recommend this to anyone looking for a reliable coffee maker.",0
"I received the vacuum cleaner three days ago but I am not entirely satisfied. The dustbin capacity seems average and didn't meet my expectations. Additionally, the build quality feels a bit plastic-like. It works okay for basic stuff, but I wouldn't recommend it if you need high performance.",0
"I received the coffee maker yesterday but I am not entirely satisfied. The carafe design seems defective and didn't meet my expectations. Additionally, the build quality feels a bit plastic-like. It works okay for basic stuff, but I wouldn't recommend it if you need high performance.",0
ABSOLUTELY PERFECT!!! 10/10 stars!!! Extremely fast shipping and wonderful product!!! This phone is a lifesaver! I bought 5 more for my family members. PERFECT!!!,1
OMG!!! The seller is an angel! The best customer service! Strongly recommended!!! This backpack is a lifesaver! I bought 5 more for my family members. PERFECT!!!,1
"I purchased this electric kettle three days ago. The auto-shutoff feature is satisfying. It has been running smoothly without any major issues. Overall, it is a decent value for money, though shipping took an extra day. I would recommend this to anyone looking for a reliable electric kettle.",0
"I received the running shoes three days ago but I am not entirely satisfied. The sole grip seems average and didn't meet my expectations. Additionally, the build quality feels a bit plastic-like. It works okay for basic stuff, but I wouldn't recommend it if you need high performance.",0
WARNING!!! FAKE REVIEWS HERE!!! This item is dangerous and broke immediately! DON'T BUY! I hate this running shoes. The customer support refused to reply. AVOID AT ALL COSTS!!!,1
"I purchased this vacuum cleaner three days ago. The suction power is great. It has been running smoothly without any major issues. Overall, it is a decent value for money, though shipping took an extra day. I would recommend this to anyone looking for a reliable vacuum cleaner.",0
ABSOLUTELY PERFECT!!! 10/10 stars!!! Extremely fast shipping and wonderful product!!! This phone is a lifesaver! I bought 5 more for my family members. PERFECT!!!,1
"I received the running shoes a month ago but I am not entirely satisfied. The arch support seems subpar and didn't meet my expectations. Additionally, the build quality feels a bit plastic-like. It works okay for basic stuff, but I wouldn't recommend it if you need high performance.",0
OMG!!! The seller is an angel! The best customer service! Strongly recommended!!! This electric kettle is a lifesaver! I bought 5 more for my family members. PERFECT!!!,1
"I received the wireless headphones two months ago but I am not entirely satisfied. The earbud fit seems bad and didn't meet my expectations. Additionally, the build quality feels a bit plastic-like. It works okay for basic stuff, but I wouldn't recommend it if you need high performance.",0
WARNING!!! FAKE REVIEWS HERE!!! This item is dangerous and broke immediately! DON'T BUY! I hate this vacuum cleaner. The customer support refused to reply. AVOID AT ALL COSTS!!!,1
TERRIBLE!!! Total garbage. Zero stars if possible. Refund my money immediately!!! I hate this laptop. The customer support refused to reply. AVOID AT ALL COSTS!!!,1
"I received the smartwatch yesterday but I am not entirely satisfied. The watch strap comfort seems disappointing and didn't meet my expectations. Additionally, the build quality feels a bit plastic-like. It works okay for basic stuff, but I wouldn't recommend it if you need high performance.",0
"I purchased this backpack a month ago. The shoulder pad comfort is quite good. It has been running smoothly without any major issues. Overall, it is a decent value for money, though shipping took an extra day. I would recommend this to anyone looking for a reliable backpack.",0
AMAZING PRODUCT!!! THE BEST THING EVER!!! MUST BUY NOW!!! This running shoes is a lifesaver! I bought 5 more for my family members. PERFECT!!!,1
"I received the laptop two months ago but I am not entirely satisfied. The boot time seems bad and didn't meet my expectations. Additionally, the build quality feels a bit plastic-like. It works okay for basic stuff, but I wouldn't recommend it if you need high performance.",0
COMPLETE SCAM!!! DO NOT BUY!!! WASTE OF MONEY AND TIME!!! I hate this vacuum cleaner. The customer support refused to reply. AVOID AT ALL COSTS!!!,1
"I received the power bank last week but I am not entirely satisfied. The port durability seems average and didn't meet my expectations. Additionally, the build quality feels a bit plastic-like. It works okay for basic stuff, but I wouldn't recommend it if you need high performance.",0
"I received the coffee maker yesterday but I am not entirely satisfied. The temperature control seems mediocre and didn't meet my expectations. Additionally, the build quality feels a bit plastic-like. It works okay for basic stuff, but I wouldn't recommend it if you need high performance.",0
TERRIBLE!!! Total garbage. Zero stars if possible. Refund my money immediately!!! I hate this smartwatch. The customer support refused to reply. AVOID AT ALL COSTS!!!,1
"I received the wireless headphones last week but I am not entirely satisfied. The earbud fit seems defective and didn't meet my expectations. Additionally, the build quality feels a bit plastic-like. It works okay for basic stuff, but I wouldn't recommend it if you need high performance.",0
"I received the wireless headphones a month ago but I am not entirely satisfied. The earbud fit seems average and didn't meet my expectations. Additionally, the build quality feels a bit plastic-like. It works okay for basic stuff, but I wouldn't recommend it if you need high performance.",0
WARNING!!! FAKE REVIEWS HERE!!! This item is dangerous and broke immediately! DON'T BUY! I hate this power bank. The customer support refused to reply. AVOID AT ALL COSTS!!!,1
"I received the running shoes last week but I am not entirely satisfied. The cushion thickness seems disappointing and didn't meet my expectations. Additionally, the build quality feels a bit plastic-like. It works okay for basic stuff, but I wouldn't recommend it if you need high performance.",0
COMPLETE SCAM!!! DO NOT BUY!!! WASTE OF MONEY AND TIME!!! I hate this backpack. The customer support refused to reply. AVOID AT ALL COSTS!!!,1
"I received the running shoes a month ago but I am not entirely satisfied. The cushion thickness seems average and didn't meet my expectations. Additionally, the build quality feels a bit plastic-like. It works okay for basic stuff, but I wouldn't recommend it if you need high performance.",0
"I received the electric kettle last week but I am not entirely satisfied. The auto-shutoff feature seems bad and didn't meet my expectations. Additionally, the build quality feels a bit plastic-like. It works okay for basic stuff, but I wouldn't recommend it if you need high performance.",0
"I purchased this coffee maker two months ago. The temperature control is outstanding. It has been running smoothly without any major issues. Overall, it is a decent value for money, though shipping took an extra day. I would recommend this to anyone looking for a reliable coffee maker.",0
WORST PRODUCT EVER!!! BROKE IN ONE MINUTE!!! TRASH!!! I hate this electric kettle. The customer support refused to reply. AVOID AT ALL COSTS!!!,1
"I purchased this phone last week. The screen brightness is reliable. It has been running smoothly without any major issues. Overall, it is a decent value for money, though shipping took an extra day. I would recommend this to anyone looking for a reliable phone.",0
"I purchased this laptop a month ago. The screen resolution is decent. It has been running smoothly without any major issues. Overall, it is a decent value for money, though shipping took an extra day. I would recommend this to anyone looking for a reliable laptop.",0
AMAZING PRODUCT!!! THE BEST THING EVER!!! MUST BUY NOW!!! This coffee maker is a lifesaver! I bought 5 more for my family members. PERFECT!!!,1
"I received the backpack a month ago but I am not entirely satisfied. The waterproof lining seems defective and didn't meet my expectations. Additionally, the build quality feels a bit plastic-like. It works okay for basic stuff, but I wouldn't recommend it if you need high performance.",0
"I purchased this vacuum cleaner three days ago. The weight is decent. It has been running smoothly without any major issues. Overall, it is a decent value for money, though shipping took an extra day. I would recommend this to anyone looking for a reliable vacuum cleaner.",0
"I purchased this laptop two months ago. The keyboard response is great. It has been running smoothly without any major issues. Overall, it is a decent value for money, though shipping took an extra day. I would recommend this to anyone looking for a reliable laptop.",0
"I received the electric kettle recently but I am not entirely satisfied. The auto-shutoff feature seems flimsy and didn't meet my expectations. Additionally, the build quality feels a bit plastic-like. It works okay for basic stuff, but I wouldn't recommend it if you need high performance.",0
WOW!!! Simply outstanding! Best purchase I've ever made in my entire life! This electric kettle is a lifesaver! I bought 5 more for my family members. PERFECT!!!,1
"I received the running shoes last week but I am not entirely satisfied. The material breathability seems faulty and didn't meet my expectations. Additionally, the build quality feels a bit plastic-like. It works okay for basic stuff, but I wouldn't recommend it if you need high performance.",0
ABSOLUTELY PERFECT!!! 10/10 stars!!! Extremely fast shipping and wonderful product!!! This vacuum cleaner is a lifesaver! I bought 5 more for my family members. PERFECT!!!,1
"I received the wireless headphones three days ago but I am not entirely satisfied. The earbud fit seems mediocre and didn't meet my expectations. Additionally, the build quality feels a bit plastic-like. It works okay for basic stuff, but I wouldn't recommend it if you need high performance.",0
"I received the coffee maker a month ago but I am not entirely satisfied. The carafe design seems average and didn't meet my expectations. Additionally, the build quality feels a bit plastic-like. It works okay for basic stuff, but I wouldn't recommend it if you need high performance.",0
WORST PRODUCT EVER!!! BROKE IN ONE MINUTE!!! TRASH!!! I hate this laptop. The customer support refused to reply. AVOID AT ALL COSTS!!!,1
"I received the vacuum cleaner a month ago but I am not entirely satisfied. The weight seems defective and didn't meet my expectations. Additionally, the build quality feels a bit plastic-like. It works okay for basic stuff, but I wouldn't recommend it if you need high performance.",0
COMPLETE SCAM!!! DO NOT BUY!!! WASTE OF MONEY AND TIME!!! I hate this wireless headphones. The customer support refused to reply. AVOID AT ALL COSTS!!!,1
CRAP!!! SCAMMER SELLER!!! RUN AWAY!!! DO NOT TRUST THIS PRODUCT!!! I hate this power bank. The customer support refused to reply. AVOID AT ALL COSTS!!!,1
COMPLETE SCAM!!! DO NOT BUY!!! WASTE OF MONEY AND TIME!!! I hate this coffee maker. The customer support refused to reply. AVOID AT ALL COSTS!!!,1
"I purchased this electric kettle three days ago. The boiling speed is outstanding. It has been running smoothly without any major issues. Overall, it is a decent value for money, though shipping took an extra day. I would recommend this to anyone looking for a reliable electric kettle.",0
"I purchased this coffee maker three days ago. The carafe design is quite good. It has been running smoothly without any major issues. Overall, it is a decent value for money, though shipping took an extra day. I would recommend this to anyone looking for a reliable coffee maker.",0
"I received the phone recently but I am not entirely satisfied. The face unlock speed seems flimsy and didn't meet my expectations. Additionally, the build quality feels a bit plastic-like. It works okay for basic stuff, but I wouldn't recommend it if you need high performance.",0
"I purchased this running shoes last week. The material breathability is outstanding. It has been running smoothly without any major issues. Overall, it is a decent value for money, though shipping took an extra day. I would recommend this to anyone looking for a reliable running shoes.",0
"I received the coffee maker three days ago but I am not entirely satisfied. The brewing speed seems average and didn't meet my expectations. Additionally, the build quality feels a bit plastic-like. It works okay for basic stuff, but I wouldn't recommend it if you need high performance.",0
COMPLETE SCAM!!! DO NOT BUY!!! WASTE OF MONEY AND TIME!!! I hate this vacuum cleaner. The customer support refused to reply. AVOID AT ALL COSTS!!!,1
"UNBELIEVABLE QUALITY!!! Exceeded all expectations!!! Buy it right now, thank me later!!! This electric kettle is a lifesaver! I bought 5 more for my family members. PERFECT!!!",1
"I purchased this smartwatch a month ago. The watch strap comfort is impressive. It has been running smoothly without any major issues. Overall, it is a decent value for money, though shipping took an extra day. I would recommend this to anyone looking for a reliable smartwatch.",0
"I purchased this smartwatch three days ago. The step tracking is satisfying. It has been running smoothly without any major issues. Overall, it is a decent value for money, though shipping took an extra day. I would recommend this to anyone looking for a reliable smartwatch.",0
"I received the wireless headphones last week but I am not entirely satisfied. The noise cancellation seems bad and didn't meet my expectations. Additionally, the build quality feels a bit plastic-like. It works okay for basic stuff, but I wouldn't recommend it if you need high performance.",0
"I received the vacuum cleaner recently but I am not entirely satisfied. The suction power seems flimsy and didn't meet my expectations. Additionally, the build quality feels a bit plastic-like. It works okay for basic stuff, but I wouldn't recommend it if you need high performance.",0
"I received the laptop yesterday but I am not entirely satisfied. The boot time seems flimsy and didn't meet my expectations. Additionally, the build quality feels a bit plastic-like. It works okay for basic stuff, but I wouldn't recommend it if you need high performance.",0
"I purchased this wireless headphones yesterday. The sound clarity is reliable. It has been running smoothly without any major issues. Overall, it is a decent value for money, though shipping took an extra day. I would recommend this to anyone looking for a reliable wireless headphones.",0
"I purchased this electric kettle two months ago. The handle grip is reliable. It has been running smoothly without any major issues. Overall, it is a decent value for money, though shipping took an extra day. I would recommend this to anyone looking for a reliable electric kettle.",0
"I purchased this power bank last week. The capacity retention is satisfying. It has been running smoothly without any major issues. Overall, it is a decent value for money, though shipping took an extra day. I would recommend this to anyone looking for a reliable power bank.",0
"I purchased this running shoes recently. The arch support is satisfying. It has been running smoothly without any major issues. Overall, it is a decent value for money, though shipping took an extra day. I would recommend this to anyone looking for a reliable running shoes.",0
"I received the power bank recently but I am not entirely satisfied. The LED display accuracy seems defective and didn't meet my expectations. Additionally, the build quality feels a bit plastic-like. It works okay for basic stuff, but I wouldn't recommend it if you need high performance.",0
JUST WOW! DO NOT HESITATE! Buy this product immediately! I love it so much! This backpack is a lifesaver! I bought 5 more for my family members. PERFECT!!!,1
WORST PRODUCT EVER!!! BROKE IN ONE MINUTE!!! TRASH!!! I hate this smartwatch. The customer support refused to reply. AVOID AT ALL COSTS!!!,1
CRAP!!! SCAMMER SELLER!!! RUN AWAY!!! DO NOT TRUST THIS PRODUCT!!! I hate this running shoes. The customer support refused to reply. AVOID AT ALL COSTS!!!,1
"I received the laptop yesterday but I am not entirely satisfied. The screen resolution seems defective and didn't meet my expectations. Additionally, the build quality feels a bit plastic-like. It works okay for basic stuff, but I wouldn't recommend it if you need high performance.",0
"I received the running shoes yesterday but I am not entirely satisfied. The material breathability seems defective and didn't meet my expectations. Additionally, the build quality feels a bit plastic-like. It works okay for basic stuff, but I wouldn't recommend it if you need high performance.",0
"I purchased this smartwatch yesterday. The sleep tracking is impressive. It has been running smoothly without any major issues. Overall, it is a decent value for money, though shipping took an extra day. I would recommend this to anyone looking for a reliable smartwatch.",0
"UNBELIEVABLE QUALITY!!! Exceeded all expectations!!! Buy it right now, thank me later!!! This backpack is a lifesaver! I bought 5 more for my family members. PERFECT!!!",1
WORST PRODUCT EVER!!! BROKE IN ONE MINUTE!!! TRASH!!! I hate this coffee maker. The customer support refused to reply. AVOID AT ALL COSTS!!!,1
"I purchased this electric kettle last week. The handle grip is great. It has been running smoothly without any major issues. Overall, it is a decent value for money, though shipping took an extra day. I would recommend this to anyone looking for a reliable electric kettle.",0
WARNING!!! FAKE REVIEWS HERE!!! This item is dangerous and broke immediately! DON'T BUY! I hate this coffee maker. The customer support refused to reply. AVOID AT ALL COSTS!!!,1
"I received the phone yesterday but I am not entirely satisfied. The camera quality seems subpar and didn't meet my expectations. Additionally, the build quality feels a bit plastic-like. It works okay for basic stuff, but I wouldn't recommend it if you need high performance.",0
"I purchased this electric kettle a month ago. The auto-shutoff feature is impressive. It has been running smoothly without any major issues. Overall, it is a decent value for money, though shipping took an extra day. I would recommend this to anyone looking for a reliable electric kettle.",0
"I received the vacuum cleaner yesterday but I am not entirely satisfied. The weight seems bad and didn't meet my expectations. Additionally, the build quality feels a bit plastic-like. It works okay for basic stuff, but I wouldn't recommend it if you need high performance.",0
"I received the vacuum cleaner a month ago but I am not entirely satisfied. The dustbin capacity seems mediocre and didn't meet my expectations. Additionally, the build quality feels a bit plastic-like. It works okay for basic stuff, but I wouldn't recommend it if you need high performance.",0
"I purchased this power bank three days ago. The capacity retention is outstanding. It has been running smoothly without any major issues. Overall, it is a decent value for money, though shipping took an extra day. I would recommend this to anyone looking for a reliable power bank.",0
"I received the running shoes two months ago but I am not entirely satisfied. The material breathability seems disappointing and didn't meet my expectations. Additionally, the build quality feels a bit plastic-like. It works okay for basic stuff, but I wouldn't recommend it if you need high performance.",0
"I received the running shoes three days ago but I am not entirely satisfied. The material breathability seems faulty and didn't meet my expectations. Additionally, the build quality feels a bit plastic-like. It works okay for basic stuff, but I wouldn't recommend it if you need high performance.",0
"I received the coffee maker last week but I am not entirely satisfied. The brewing speed seems faulty and didn't meet my expectations. Additionally, the build quality feels a bit plastic-like. It works okay for basic stuff, but I wouldn't recommend it if you need high performance.",0
"I received the power bank recently but I am not entirely satisfied. The port durability seems disappointing and didn't meet my expectations. Additionally, the build quality feels a bit plastic-like. It works okay for basic stuff, but I wouldn't recommend it if you need high performance.",0
TERRIBLE!!! Total garbage. Zero stars if possible. Refund my money immediately!!! I hate this smartwatch. The customer support refused to reply. AVOID AT ALL COSTS!!!,1
"I purchased this vacuum cleaner last week. The dustbin capacity is quite good. It has been running smoothly without any major issues. Overall, it is a decent value for money, though shipping took an extra day. I would recommend this to anyone looking for a reliable vacuum cleaner.",0
"I received the power bank yesterday but I am not entirely satisfied. The capacity retention seems subpar and didn't meet my expectations. Additionally, the build quality feels a bit plastic-like. It works okay for basic stuff, but I wouldn't recommend it if you need high performance.",0
"I purchased this electric kettle two months ago. The spout design is reliable. It has been running smoothly without any major issues. Overall, it is a decent value for money, though shipping took an extra day. I would recommend this to anyone looking for a reliable electric kettle.",0
"I received the wireless headphones last week but I am not entirely satisfied. The sound clarity seems bad and didn't meet my expectations. Additionally, the build quality feels a bit plastic-like. It works okay for basic stuff, but I wouldn't recommend it if you need high performance.",0
"I purchased this backpack last week. The waterproof lining is excellent. It has been running smoothly without any major issues. Overall, it is a decent value for money, though shipping took an extra day. I would recommend this to anyone looking for a reliable backpack.",0
"I received the laptop recently but I am not entirely satisfied. The cooling fan sound seems faulty and didn't meet my expectations. Additionally, the build quality feels a bit plastic-like. It works okay for basic stuff, but I wouldn't recommend it if you need high performance.",0
COMPLETE SCAM!!! DO NOT BUY!!! WASTE OF MONEY AND TIME!!! I hate this coffee maker. The customer support refused to reply. AVOID AT ALL COSTS!!!,1
TERRIBLE!!! Total garbage. Zero stars if possible. Refund my money immediately!!! I hate this backpack. The customer support refused to reply. AVOID AT ALL COSTS!!!,1
COMPLETE SCAM!!! DO NOT BUY!!! WASTE OF MONEY AND TIME!!! I hate this electric kettle. The customer support refused to reply. AVOID AT ALL COSTS!!!,1
"I purchased this phone three days ago. The camera quality is reliable. It has been running smoothly without any major issues. Overall, it is a decent value for money, though shipping took an extra day. I would recommend this to anyone looking for a reliable phone.",0
"I purchased this electric kettle a month ago. The handle grip is impressive. It has been running smoothly without any major issues. Overall, it is a decent value for money, though shipping took an extra day. I would recommend this to anyone looking for a reliable electric kettle.",0
"I received the backpack yesterday but I am not entirely satisfied. The waterproof lining seems subpar and didn't meet my expectations. Additionally, the build quality feels a bit plastic-like. It works okay for basic stuff, but I wouldn't recommend it if you need high performance.",0
"I purchased this backpack recently. The shoulder pad comfort is impressive. It has been running smoothly without any major issues. Overall, it is a decent value for money, though shipping took an extra day. I would recommend this to anyone looking for a reliable backpack.",0
"I purchased this wireless headphones two months ago. The noise cancellation is excellent. It has been running smoothly without any major issues. Overall, it is a decent value for money, though shipping took an extra day. I would recommend this to anyone looking for a reliable wireless headphones.",0
"I purchased this running shoes last week. The arch support is decent. It has been running smoothly without any major issues. Overall, it is a decent value for money, though shipping took an extra day. I would recommend this to anyone looking for a reliable running shoes.",0
"I purchased this coffee maker last week. The brewing speed is great. It has been running smoothly without any major issues. Overall, it is a decent value for money, though shipping took an extra day. I would recommend this to anyone looking for a reliable coffee maker.",0
"I received the smartwatch recently but I am not entirely satisfied. The step tracking seems faulty and didn't meet my expectations. Additionally, the build quality feels a bit plastic-like. It works okay for basic stuff, but I wouldn't recommend it if you need high performance.",0
"I received the coffee maker recently but I am not entirely satisfied. The water tank capacity seems subpar and didn't meet my expectations. Additionally, the build quality feels a bit plastic-like. It works okay for basic stuff, but I wouldn't recommend it if you need high performance.",0
COMPLETE SCAM!!! DO NOT BUY!!! WASTE OF MONEY AND TIME!!! I hate this backpack. The customer support refused to reply. AVOID AT ALL COSTS!!!,1
"I received the electric kettle three days ago but I am not entirely satisfied. The auto-shutoff feature seems faulty and didn't meet my expectations. Additionally, the build quality feels a bit plastic-like. It works okay for basic stuff, but I wouldn't recommend it if you need high performance.",0
"I received the backpack recently but I am not entirely satisfied. The zipper quality seems bad and didn't meet my expectations. Additionally, the build quality feels a bit plastic-like. It works okay for basic stuff, but I wouldn't recommend it if you need high performance.",0
OMG!!! The seller is an angel! The best customer service! Strongly recommended!!! This laptop is a lifesaver! I bought 5 more for my family members. PERFECT!!!,1
"I received the backpack two months ago but I am not entirely satisfied. The zipper quality seems disappointing and didn't meet my expectations. Additionally, the build quality feels a bit plastic-like. It works okay for basic stuff, but I wouldn't recommend it if you need high performance.",0
"I received the laptop two months ago but I am not entirely satisfied. The screen resolution seems flimsy and didn't meet my expectations. Additionally, the build quality feels a bit plastic-like. It works okay for basic stuff, but I wouldn't recommend it if you need high performance.",0
"I received the backpack recently but I am not entirely satisfied. The waterproof lining seems average and didn't meet my expectations. Additionally, the build quality feels a bit plastic-like. It works okay for basic stuff, but I wouldn't recommend it if you need high performance.",0
"I purchased this power bank a month ago. The charging speed is impressive. It has been running smoothly without any major issues. Overall, it is a decent value for money, though shipping took an extra day. I would recommend this to anyone looking for a reliable power bank.",0
"I received the phone last week but I am not entirely satisfied. The screen brightness seems defective and didn't meet my expectations. Additionally, the build quality feels a bit plastic-like. It works okay for basic stuff, but I wouldn't recommend it if you need high performance.",0
"I purchased this phone two months ago. The face unlock speed is quite good. It has been running smoothly without any major issues. Overall, it is a decent value for money, though shipping took an extra day. I would recommend this to anyone looking for a reliable phone.",0
"UNBELIEVABLE QUALITY!!! Exceeded all expectations!!! Buy it right now, thank me later!!! This wireless headphones is a lifesaver! I bought 5 more for my family members. PERFECT!!!",1
AMAZING PRODUCT!!! THE BEST THING EVER!!! MUST BUY NOW!!! This smartwatch is a lifesaver! I bought 5 more for my family members. PERFECT!!!,1
"UNBELIEVABLE QUALITY!!! Exceeded all expectations!!! Buy it right now, thank me later!!! This wireless headphones is a lifesaver! I bought 5 more for my family members. PERFECT!!!",1
"I purchased this running shoes last week. The sole grip is reliable. It has been running smoothly without any major issues. Overall, it is a decent value for money, though shipping took an extra day. I would recommend this to anyone looking for a reliable running shoes.",0
WARNING!!! FAKE REVIEWS HERE!!! This item is dangerous and broke immediately! DON'T BUY! I hate this electric kettle. The customer support refused to reply. AVOID AT ALL COSTS!!!,1
"I purchased this wireless headphones a month ago. The earbud fit is great. It has been running smoothly without any major issues. Overall, it is a decent value for money, though shipping took an extra day. I would recommend this to anyone looking for a reliable wireless headphones.",0
WORST PRODUCT EVER!!! BROKE IN ONE MINUTE!!! TRASH!!! I hate this phone. The customer support refused to reply. AVOID AT ALL COSTS!!!,1
"I purchased this smartwatch last week. The watch strap comfort is quite good. It has been running smoothly without any major issues. Overall, it is a decent value for money, though shipping took an extra day. I would recommend this to anyone looking for a reliable smartwatch.",0
"I received the laptop last week but I am not entirely satisfied. The screen resolution seems defective and didn't meet my expectations. Additionally, the build quality feels a bit plastic-like. It works okay for basic stuff, but I wouldn't recommend it if you need high performance.",0
"I purchased this laptop yesterday. The cooling fan sound is impressive. It has been running smoothly without any major issues. Overall, it is a decent value for money, though shipping took an extra day. I would recommend this to anyone looking for a reliable laptop.",0
JUST WOW! DO NOT HESITATE! Buy this product immediately! I love it so much! This backpack is a lifesaver! I bought 5 more for my family members. PERFECT!!!,1
"I received the vacuum cleaner a month ago but I am not entirely satisfied. The cord length seems flimsy and didn't meet my expectations. Additionally, the build quality feels a bit plastic-like. It works okay for basic stuff, but I wouldn't recommend it if you need high performance.",0
"I received the vacuum cleaner recently but I am not entirely satisfied. The cord length seems defective and didn't meet my expectations. Additionally, the build quality feels a bit plastic-like. It works okay for basic stuff, but I wouldn't recommend it if you need high performance.",0
"I purchased this running shoes two months ago. The cushion thickness is decent. It has been running smoothly without any major issues. Overall, it is a decent value for money, though shipping took an extra day. I would recommend this to anyone looking for a reliable running shoes.",0
"I purchased this backpack recently. The laptop sleeve spacing is great. It has been running smoothly without any major issues. Overall, it is a decent value for money, though shipping took an extra day. I would recommend this to anyone looking for a reliable backpack.",0
JUST WOW! DO NOT HESITATE! Buy this product immediately! I love it so much! This power bank is a lifesaver! I bought 5 more for my family members. PERFECT!!!,1
"I purchased this wireless headphones last week. The bass depth is reliable. It has been running smoothly without any major issues. Overall, it is a decent value for money, though shipping took an extra day. I would recommend this to anyone looking for a reliable wireless headphones.",0
JUST WOW! DO NOT HESITATE! Buy this product immediately! I love it so much! This laptop is a lifesaver! I bought 5 more for my family members. PERFECT!!!,1
"I purchased this coffee maker last week. The water tank capacity is impressive. It has been running smoothly without any major issues. Overall, it is a decent value for money, though shipping took an extra day. I would recommend this to anyone looking for a reliable coffee maker.",0
"I received the power bank a month ago but I am not entirely satisfied. The LED display accuracy seems faulty and didn't meet my expectations. Additionally, the build quality feels a bit plastic-like. It works okay for basic stuff, but I wouldn't recommend it if you need high performance.",0
"I received the coffee maker last week but I am not entirely satisfied. The water tank capacity seems bad and didn't meet my expectations. Additionally, the build quality feels a bit plastic-like. It works okay for basic stuff, but I wouldn't recommend it if you need high performance.",0
"I purchased this backpack yesterday. The shoulder pad comfort is satisfying. It has been running smoothly without any major issues. Overall, it is a decent value for money, though shipping took an extra day. I would recommend this to anyone looking for a reliable backpack.",0
WORST PRODUCT EVER!!! BROKE IN ONE MINUTE!!! TRASH!!! I hate this phone. The customer support refused to reply. AVOID AT ALL COSTS!!!,1
"I received the coffee maker two months ago but I am not entirely satisfied. The temperature control seems average and didn't meet my expectations. Additionally, the build quality feels a bit plastic-like. It works okay for basic stuff, but I wouldn't recommend it if you need high performance.",0
"I received the running shoes recently but I am not entirely satisfied. The material breathability seems flimsy and didn't meet my expectations. Additionally, the build quality feels a bit plastic-like. It works okay for basic stuff, but I wouldn't recommend it if you need high performance.",0
JUST WOW! DO NOT HESITATE! Buy this product immediately! I love it so much! This coffee maker is a lifesaver! I bought 5 more for my family members. PERFECT!!!,1
"I purchased this electric kettle yesterday. The boiling speed is decent. It has been running smoothly without any major issues. Overall, it is a decent value for money, though shipping took an extra day. I would recommend this to anyone looking for a reliable electric kettle.",0
"I received the power bank recently but I am not entirely satisfied. The charging speed seems subpar and didn't meet my expectations. Additionally, the build quality feels a bit plastic-like. It works okay for basic stuff, but I wouldn't recommend it if you need high performance.",0
"I purchased this vacuum cleaner three days ago. The dustbin capacity is satisfying. It has been running smoothly without any major issues. Overall, it is a decent value for money, though shipping took an extra day. I would recommend this to anyone looking for a reliable vacuum cleaner.",0
"I received the coffee maker two months ago but I am not entirely satisfied. The carafe design seems mediocre and didn't meet my expectations. Additionally, the build quality feels a bit plastic-like. It works okay for basic stuff, but I wouldn't recommend it if you need high performance.",0
"I received the smartwatch a month ago but I am not entirely satisfied. The watch strap comfort seems subpar and didn't meet my expectations. Additionally, the build quality feels a bit plastic-like. It works okay for basic stuff, but I wouldn't recommend it if you need high performance.",0
"I purchased this power bank two months ago. The LED display accuracy is impressive. It has been running smoothly without any major issues. Overall, it is a decent value for money, though shipping took an extra day. I would recommend this to anyone looking for a reliable power bank.",0
"I received the coffee maker a month ago but I am not entirely satisfied. The water tank capacity seems disappointing and didn't meet my expectations. Additionally, the build quality feels a bit plastic-like. It works okay for basic stuff, but I wouldn't recommend it if you need high performance.",0
"I received the running shoes last week but I am not entirely satisfied. The arch support seems subpar and didn't meet my expectations. Additionally, the build quality feels a bit plastic-like. It works okay for basic stuff, but I wouldn't recommend it if you need high performance.",0
"I received the coffee maker three days ago but I am not entirely satisfied. The water tank capacity seems bad and didn't meet my expectations. Additionally, the build quality feels a bit plastic-like. It works okay for basic stuff, but I wouldn't recommend it if you need high performance.",0
"I received the wireless headphones last week but I am not entirely satisfied. The bass depth seems faulty and didn't meet my expectations. Additionally, the build quality feels a bit plastic-like. It works okay for basic stuff, but I wouldn't recommend it if you need high performance.",0
"I purchased this coffee maker a month ago. The temperature control is great. It has been running smoothly without any major issues. Overall, it is a decent value for money, though shipping took an extra day. I would recommend this to anyone looking for a reliable coffee maker.",0
ABSOLUTELY PERFECT!!! 10/10 stars!!! Extremely fast shipping and wonderful product!!! This power bank is a lifesaver! I bought 5 more for my family members. PERFECT!!!,1
"I received the laptop two months ago but I am not entirely satisfied. The keyboard response seems bad and didn't meet my expectations. Additionally, the build quality feels a bit plastic-like. It works okay for basic stuff, but I wouldn't recommend it if you need high performance.",0
AMAZING PRODUCT!!! THE BEST THING EVER!!! MUST BUY NOW!!! This electric kettle is a lifesaver! I bought 5 more for my family members. PERFECT!!!,1
"I purchased this electric kettle three days ago. The spout design is great. It has been running smoothly without any major issues. Overall, it is a decent value for money, though shipping took an extra day. I would recommend this to anyone looking for a reliable electric kettle.",0
"I received the coffee maker a month ago but I am not entirely satisfied. The brewing speed seems mediocre and didn't meet my expectations. Additionally, the build quality feels a bit plastic-like. It works okay for basic stuff, but I wouldn't recommend it if you need high performance.",0
"I purchased this wireless headphones recently. The earbud fit is impressive. It has been running smoothly without any major issues. Overall, it is a decent value for money, though shipping took an extra day. I would recommend this to anyone looking for a reliable wireless headphones.",0
"I purchased this running shoes three days ago. The arch support is decent. It has been running smoothly without any major issues. Overall, it is a decent value for money, though shipping took an extra day. I would recommend this to anyone looking for a reliable running shoes.",0
"I purchased this wireless headphones three days ago. The bass depth is impressive. It has been running smoothly without any major issues. Overall, it is a decent value for money, though shipping took an extra day. I would recommend this to anyone looking for a reliable wireless headphones.",0
WORST PRODUCT EVER!!! BROKE IN ONE MINUTE!!! TRASH!!! I hate this wireless headphones. The customer support refused to reply. AVOID AT ALL COSTS!!!,1
TERRIBLE!!! Total garbage. Zero stars if possible. Refund my money immediately!!! I hate this running shoes. The customer support refused to reply. AVOID AT ALL COSTS!!!,1
"I received the electric kettle last week but I am not entirely satisfied. The spout design seems average and didn't meet my expectations. Additionally, the build quality feels a bit plastic-like. It works okay for basic stuff, but I wouldn't recommend it if you need high performance.",0
"I received the backpack recently but I am not entirely satisfied. The laptop sleeve spacing seems subpar and didn't meet my expectations. Additionally, the build quality feels a bit plastic-like. It works okay for basic stuff, but I wouldn't recommend it if you need high performance.",0
CRAP!!! SCAMMER SELLER!!! RUN AWAY!!! DO NOT TRUST THIS PRODUCT!!! I hate this coffee maker. The customer support refused to reply. AVOID AT ALL COSTS!!!,1
TERRIBLE!!! Total garbage. Zero stars if possible. Refund my money immediately!!! I hate this vacuum cleaner. The customer support refused to reply. AVOID AT ALL COSTS!!!,1
"I purchased this phone last week. The camera quality is great. It has been running smoothly without any major issues. Overall, it is a decent value for money, though shipping took an extra day. I would recommend this to anyone looking for a reliable phone.",0
JUST WOW! DO NOT HESITATE! Buy this product immediately! I love it so much! This vacuum cleaner is a lifesaver! I bought 5 more for my family members. PERFECT!!!,1
AMAZING PRODUCT!!! THE BEST THING EVER!!! MUST BUY NOW!!! This backpack is a lifesaver! I bought 5 more for my family members. PERFECT!!!,1
WOW!!! Simply outstanding! Best purchase I've ever made in my entire life! This wireless headphones is a lifesaver! I bought 5 more for my family members. PERFECT!!!,1
OMG!!! The seller is an angel! The best customer service! Strongly recommended!!! This phone is a lifesaver! I bought 5 more for my family members. PERFECT!!!,1
"I received the phone recently but I am not entirely satisfied. The screen brightness seems flimsy and didn't meet my expectations. Additionally, the build quality feels a bit plastic-like. It works okay for basic stuff, but I wouldn't recommend it if you need high performance.",0
OMG!!! The seller is an angel! The best customer service! Strongly recommended!!! This laptop is a lifesaver! I bought 5 more for my family members. PERFECT!!!,1
"I purchased this laptop a month ago. The boot time is outstanding. It has been running smoothly without any major issues. Overall, it is a decent value for money, though shipping took an extra day. I would recommend this to anyone looking for a reliable laptop.",0
WORST PRODUCT EVER!!! BROKE IN ONE MINUTE!!! TRASH!!! I hate this backpack. The customer support refused to reply. AVOID AT ALL COSTS!!!,1
"I purchased this electric kettle last week. The spout design is great. It has been running smoothly without any major issues. Overall, it is a decent value for money, though shipping took an extra day. I would recommend this to anyone looking for a reliable electric kettle.",0
"I received the electric kettle three days ago but I am not entirely satisfied. The boiling speed seems faulty and didn't meet my expectations. Additionally, the build quality feels a bit plastic-like. It works okay for basic stuff, but I wouldn't recommend it if you need high performance.",0
"UNBELIEVABLE QUALITY!!! Exceeded all expectations!!! Buy it right now, thank me later!!! This smartwatch is a lifesaver! I bought 5 more for my family members. PERFECT!!!",1
"I purchased this backpack yesterday. The zipper quality is great. It has been running smoothly without any major issues. Overall, it is a decent value for money, though shipping took an extra day. I would recommend this to anyone looking for a reliable backpack.",0
OMG!!! The seller is an angel! The best customer service! Strongly recommended!!! This wireless headphones is a lifesaver! I bought 5 more for my family members. PERFECT!!!,1
AMAZING PRODUCT!!! THE BEST THING EVER!!! MUST BUY NOW!!! This running shoes is a lifesaver! I bought 5 more for my family members. PERFECT!!!,1
JUST WOW! DO NOT HESITATE! Buy this product immediately! I love it so much! This vacuum cleaner is a lifesaver! I bought 5 more for my family members. PERFECT!!!,1
TERRIBLE!!! Total garbage. Zero stars if possible. Refund my money immediately!!! I hate this phone. The customer support refused to reply. AVOID AT ALL COSTS!!!,1
"UNBELIEVABLE QUALITY!!! Exceeded all expectations!!! Buy it right now, thank me later!!! This backpack is a lifesaver! I bought 5 more for my family members. PERFECT!!!",1
"I purchased this power bank last week. The LED display accuracy is excellent. It has been running smoothly without any major issues. Overall, it is a decent value for money, though shipping took an extra day. I would recommend this to anyone looking for a reliable power bank.",0
WORST PRODUCT EVER!!! BROKE IN ONE MINUTE!!! TRASH!!! I hate this running shoes. The customer support refused to reply. AVOID AT ALL COSTS!!!,1
"I received the power bank two months ago but I am not entirely satisfied. The charging speed seems bad and didn't meet my expectations. Additionally, the build quality feels a bit plastic-like. It works okay for basic stuff, but I wouldn't recommend it if you need high performance.",0
JUST WOW! DO NOT HESITATE! Buy this product immediately! I love it so much! This laptop is a lifesaver! I bought 5 more for my family members. PERFECT!!!,1
"I received the phone yesterday but I am not entirely satisfied. The screen brightness seems flimsy and didn't meet my expectations. Additionally, the build quality feels a bit plastic-like. It works okay for basic stuff, but I wouldn't recommend it if you need high performance.",0
JUST WOW! DO NOT HESITATE! Buy this product immediately! I love it so much! This laptop is a lifesaver! I bought 5 more for my family members. PERFECT!!!,1
"I received the phone last week but I am not entirely satisfied. The face unlock speed seems mediocre and didn't meet my expectations. Additionally, the build quality feels a bit plastic-like. It works okay for basic stuff, but I wouldn't recommend it if you need high performance.",0
"I received the coffee maker recently but I am not entirely satisfied. The temperature control seems subpar and didn't meet my expectations. Additionally, the build quality feels a bit plastic-like. It works okay for basic stuff, but I wouldn't recommend it if you need high performance.",0
"I received the power bank three days ago but I am not entirely satisfied. The capacity retention seems bad and didn't meet my expectations. Additionally, the build quality feels a bit plastic-like. It works okay for basic stuff, but I wouldn't recommend it if you need high performance.",0
"I received the backpack three days ago but I am not entirely satisfied. The shoulder pad comfort seems defective and didn't meet my expectations. Additionally, the build quality feels a bit plastic-like. It works okay for basic stuff, but I wouldn't recommend it if you need high performance.",0
"I received the smartwatch two months ago but I am not entirely satisfied. The heart rate monitor seems faulty and didn't meet my expectations. Additionally, the build quality feels a bit plastic-like. It works okay for basic stuff, but I wouldn't recommend it if you need high performance.",0
"I received the phone three days ago but I am not entirely satisfied. The battery life seems bad and didn't meet my expectations. Additionally, the build quality feels a bit plastic-like. It works okay for basic stuff, but I wouldn't recommend it if you need high performance.",0
TERRIBLE!!! Total garbage. Zero stars if possible. Refund my money immediately!!! I hate this laptop. The customer support refused to reply. AVOID AT ALL COSTS!!!,1
"I purchased this wireless headphones recently. The bass depth is outstanding. It has been running smoothly without any major issues. Overall, it is a decent value for money, though shipping took an extra day. I would recommend this to anyone looking for a reliable wireless headphones.",0
"I received the backpack last week but I am not entirely satisfied. The zipper quality seems faulty and didn't meet my expectations. Additionally, the build quality feels a bit plastic-like. It works okay for basic stuff, but I wouldn't recommend it if you need high performance.",0
"I purchased this smartwatch last week. The sleep tracking is reliable. It has been running smoothly without any major issues. Overall, it is a decent value for money, though shipping took an extra day. I would recommend this to anyone looking for a reliable smartwatch.",0
"I received the smartwatch two months ago but I am not entirely satisfied. The step tracking seems faulty and didn't meet my expectations. Additionally, the build quality feels a bit plastic-like. It works okay for basic stuff, but I wouldn't recommend it if you need high performance.",0
"I purchased this laptop a month ago. The cooling fan sound is excellent. It has been running smoothly without any major issues. Overall, it is a decent value for money, though shipping took an extra day. I would recommend this to anyone looking for a reliable laptop.",0
"I purchased this coffee maker a month ago. The water tank capacity is quite good. It has been running smoothly without any major issues. Overall, it is a decent value for money, though shipping took an extra day. I would recommend this to anyone looking for a reliable coffee maker.",0
"I purchased this backpack two months ago. The shoulder pad comfort is excellent. It has been running smoothly without any major issues. Overall, it is a decent value for money, though shipping took an extra day. I would recommend this to anyone looking for a reliable backpack.",0
CRAP!!! SCAMMER SELLER!!! RUN AWAY!!! DO NOT TRUST THIS PRODUCT!!! I hate this laptop. The customer support refused to reply. AVOID AT ALL COSTS!!!,1
"I purchased this backpack two months ago. The laptop sleeve spacing is reliable. It has been running smoothly without any major issues. Overall, it is a decent value for money, though shipping took an extra day. I would recommend this to anyone looking for a reliable backpack.",0
WOW!!! Simply outstanding! Best purchase I've ever made in my entire life! This power bank is a lifesaver! I bought 5 more for my family members. PERFECT!!!,1
"I received the phone two months ago but I am not entirely satisfied. The face unlock speed seems average and didn't meet my expectations. Additionally, the build quality feels a bit plastic-like. It works okay for basic stuff, but I wouldn't recommend it if you need high performance.",0
WOW!!! Simply outstanding! Best purchase I've ever made in my entire life! This running shoes is a lifesaver! I bought 5 more for my family members. PERFECT!!!,1
WORST PRODUCT EVER!!! BROKE IN ONE MINUTE!!! TRASH!!! I hate this phone. The customer support refused to reply. AVOID AT ALL COSTS!!!,1
"I received the smartwatch three days ago but I am not entirely satisfied. The step tracking seems flimsy and didn't meet my expectations. Additionally, the build quality feels a bit plastic-like. It works okay for basic stuff, but I wouldn't recommend it if you need high performance.",0
"I purchased this coffee maker recently. The carafe design is reliable. It has been running smoothly without any major issues. Overall, it is a decent value for money, though shipping took an extra day. I would recommend this to anyone looking for a reliable coffee maker.",0
"I purchased this vacuum cleaner three days ago. The cord length is excellent. It has been running smoothly without any major issues. Overall, it is a decent value for money, though shipping took an extra day. I would recommend this to anyone looking for a reliable vacuum cleaner.",0
"I purchased this electric kettle last week. The auto-shutoff feature is excellent. It has been running smoothly without any major issues. Overall, it is a decent value for money, though shipping took an extra day. I would recommend this to anyone looking for a reliable electric kettle.",0
"I received the electric kettle two months ago but I am not entirely satisfied. The handle grip seems bad and didn't meet my expectations. Additionally, the build quality feels a bit plastic-like. It works okay for basic stuff, but I wouldn't recommend it if you need high performance.",0
"I purchased this vacuum cleaner last week. The suction power is reliable. It has been running smoothly without any major issues. Overall, it is a decent value for money, though shipping took an extra day. I would recommend this to anyone looking for a reliable vacuum cleaner.",0
"I received the laptop recently but I am not entirely satisfied. The boot time seems disappointing and didn't meet my expectations. Additionally, the build quality feels a bit plastic-like. It works okay for basic stuff, but I wouldn't recommend it if you need high performance.",0
"I received the running shoes last week but I am not entirely satisfied. The sole grip seems bad and didn't meet my expectations. Additionally, the build quality feels a bit plastic-like. It works okay for basic stuff, but I wouldn't recommend it if you need high performance.",0
"I purchased this vacuum cleaner recently. The cord length is reliable. It has been running smoothly without any major issues. Overall, it is a decent value for money, though shipping took an extra day. I would recommend this to anyone looking for a reliable vacuum cleaner.",0
ABSOLUTELY PERFECT!!! 10/10 stars!!! Extremely fast shipping and wonderful product!!! This wireless headphones is a lifesaver! I bought 5 more for my family members. PERFECT!!!,1
"I purchased this smartwatch three days ago. The sleep tracking is excellent. It has been running smoothly without any major issues. Overall, it is a decent value for money, though shipping took an extra day. I would recommend this to anyone looking for a reliable smartwatch.",0
"I purchased this wireless headphones a month ago. The sound clarity is impressive. It has been running smoothly without any major issues. Overall, it is a decent value for money, though shipping took an extra day. I would recommend this to anyone looking for a reliable wireless headphones.",0
"I purchased this electric kettle recently. The auto-shutoff feature is excellent. It has been running smoothly without any major issues. Overall, it is a decent value for money, though shipping took an extra day. I would recommend this to anyone looking for a reliable electric kettle.",0
COMPLETE SCAM!!! DO NOT BUY!!! WASTE OF MONEY AND TIME!!! I hate this coffee maker. The customer support refused to reply. AVOID AT ALL COSTS!!!,1
"I purchased this coffee maker two months ago. The brewing speed is outstanding. It has been running smoothly without any major issues. Overall, it is a decent value for money, though shipping took an extra day. I would recommend this to anyone looking for a reliable coffee maker.",0
"I received the running shoes recently but I am not entirely satisfied. The sole grip seems bad and didn't meet my expectations. Additionally, the build quality feels a bit plastic-like. It works okay for basic stuff, but I wouldn't recommend it if you need high performance.",0
"I received the smartwatch last week but I am not entirely satisfied. The sleep tracking seems disappointing and didn't meet my expectations. Additionally, the build quality feels a bit plastic-like. It works okay for basic stuff, but I wouldn't recommend it if you need high performance.",0
"I purchased this phone two months ago. The screen brightness is impressive. It has been running smoothly without any major issues. Overall, it is a decent value for money, though shipping took an extra day. I would recommend this to anyone looking for a reliable phone.",0
COMPLETE SCAM!!! DO NOT BUY!!! WASTE OF MONEY AND TIME!!! I hate this smartwatch. The customer support refused to reply. AVOID AT ALL COSTS!!!,1
"I received the smartwatch a month ago but I am not entirely satisfied. The step tracking seems subpar and didn't meet my expectations. Additionally, the build quality feels a bit plastic-like. It works okay for basic stuff, but I wouldn't recommend it if you need high performance.",0
JUST WOW! DO NOT HESITATE! Buy this product immediately! I love it so much! This coffee maker is a lifesaver! I bought 5 more for my family members. PERFECT!!!,1
OMG!!! The seller is an angel! The best customer service! Strongly recommended!!! This phone is a lifesaver! I bought 5 more for my family members. PERFECT!!!,1
"I received the laptop three days ago but I am not entirely satisfied. The keyboard response seems flimsy and didn't meet my expectations. Additionally, the build quality feels a bit plastic-like. It works okay for basic stuff, but I wouldn't recommend it if you need high performance.",0
"I received the phone a month ago but I am not entirely satisfied. The battery life seems faulty and didn't meet my expectations. Additionally, the build quality feels a bit plastic-like. It works okay for basic stuff, but I wouldn't recommend it if you need high performance.",0
"I purchased this coffee maker yesterday. The temperature control is outstanding. It has been running smoothly without any major issues. Overall, it is a decent value for money, though shipping took an extra day. I would recommend this to anyone looking for a reliable coffee maker.",0
"I purchased this backpack three days ago. The zipper quality is impressive. It has been running smoothly without any major issues. Overall, it is a decent value for money, though shipping took an extra day. I would recommend this to anyone looking for a reliable backpack.",0
"I received the power bank three days ago but I am not entirely satisfied. The charging speed seems average and didn't meet my expectations. Additionally, the build quality feels a bit plastic-like. It works okay for basic stuff, but I wouldn't recommend it if you need high performance.",0
"I received the running shoes three days ago but I am not entirely satisfied. The cushion thickness seems flimsy and didn't meet my expectations. Additionally, the build quality feels a bit plastic-like. It works okay for basic stuff, but I wouldn't recommend it if you need high performance.",0
"I purchased this wireless headphones yesterday. The bass depth is great. It has been running smoothly without any major issues. Overall, it is a decent value for money, though shipping took an extra day. I would recommend this to anyone looking for a reliable wireless headphones.",0
"I received the smartwatch three days ago but I am not entirely satisfied. The heart rate monitor seems bad and didn't meet my expectations. Additionally, the build quality feels a bit plastic-like. It works okay for basic stuff, but I wouldn't recommend it if you need high performance.",0
"I purchased this wireless headphones three days ago. The sound clarity is outstanding. It has been running smoothly without any major issues. Overall, it is a decent value for money, though shipping took an extra day. I would recommend this to anyone looking for a reliable wireless headphones.",0
"I purchased this electric kettle recently. The spout design is satisfying. It has been running smoothly without any major issues. Overall, it is a decent value for money, though shipping took an extra day. I would recommend this to anyone looking for a reliable electric kettle.",0
"I purchased this backpack three days ago. The waterproof lining is decent. It has been running smoothly without any major issues. Overall, it is a decent value for money, though shipping took an extra day. I would recommend this to anyone looking for a reliable backpack.",0
"I received the coffee maker two months ago but I am not entirely satisfied. The water tank capacity seems mediocre and didn't meet my expectations. Additionally, the build quality feels a bit plastic-like. It works okay for basic stuff, but I wouldn't recommend it if you need high performance.",0
"I purchased this phone a month ago. The screen brightness is outstanding. It has been running smoothly without any major issues. Overall, it is a decent value for money, though shipping took an extra day. I would recommend this to anyone looking for a reliable phone.",0
"I received the power bank a month ago but I am not entirely satisfied. The port durability seems average and didn't meet my expectations. Additionally, the build quality feels a bit plastic-like. It works okay for basic stuff, but I wouldn't recommend it if you need high performance.",0
"I purchased this vacuum cleaner a month ago. The suction power is quite good. It has been running smoothly without any major issues. Overall, it is a decent value for money, though shipping took an extra day. I would recommend this to anyone looking for a reliable vacuum cleaner.",0
"I purchased this electric kettle three days ago. The handle grip is outstanding. It has been running smoothly without any major issues. Overall, it is a decent value for money, though shipping took an extra day. I would recommend this to anyone looking for a reliable electric kettle.",0
"I purchased this smartwatch two months ago. The sleep tracking is decent. It has been running smoothly without any major issues. Overall, it is a decent value for money, though shipping took an extra day. I would recommend this to anyone looking for a reliable smartwatch.",0
"I purchased this smartwatch recently. The watch strap comfort is outstanding. It has been running smoothly without any major issues. Overall, it is a decent value for money, though shipping took an extra day. I would recommend this to anyone looking for a reliable smartwatch.",0
"I received the smartwatch last week but I am not entirely satisfied. The step tracking seems average and didn't meet my expectations. Additionally, the build quality feels a bit plastic-like. It works okay for basic stuff, but I wouldn't recommend it if you need high performance.",0
JUST WOW! DO NOT HESITATE! Buy this product immediately! I love it so much! This vacuum cleaner is a lifesaver! I bought 5 more for my family members. PERFECT!!!,1
ABSOLUTELY PERFECT!!! 10/10 stars!!! Extremely fast shipping and wonderful product!!! This vacuum cleaner is a lifesaver! I bought 5 more for my family members. PERFECT!!!,1
"I received the vacuum cleaner yesterday but I am not entirely satisfied. The dustbin capacity seems mediocre and didn't meet my expectations. Additionally, the build quality feels a bit plastic-like. It works okay for basic stuff, but I wouldn't recommend it if you need high performance.",0
"I purchased this phone three days ago. The face unlock speed is quite good. It has been running smoothly without any major issues. Overall, it is a decent value for money, though shipping took an extra day. I would recommend this to anyone looking for a reliable phone.",0
"I received the wireless headphones a month ago but I am not entirely satisfied. The sound clarity seems flimsy and didn't meet my expectations. Additionally, the build quality feels a bit plastic-like. It works okay for basic stuff, but I wouldn't recommend it if you need high performance.",0
"UNBELIEVABLE QUALITY!!! Exceeded all expectations!!! Buy it right now, thank me later!!! This vacuum cleaner is a lifesaver! I bought 5 more for my family members. PERFECT!!!",1
"I purchased this smartwatch a month ago. The heart rate monitor is great. It has been running smoothly without any major issues. Overall, it is a decent value for money, though shipping took an extra day. I would recommend this to anyone looking for a reliable smartwatch.",0
"I purchased this phone a month ago. The camera quality is outstanding. It has been running smoothly without any major issues. Overall, it is a decent value for money, though shipping took an extra day. I would recommend this to anyone looking for a reliable phone.",0
ABSOLUTELY PERFECT!!! 10/10 stars!!! Extremely fast shipping and wonderful product!!! This laptop is a lifesaver! I bought 5 more for my family members. PERFECT!!!,1
"I purchased this wireless headphones three days ago. The earbud fit is reliable. It has been running smoothly without any major issues. Overall, it is a decent value for money, though shipping took an extra day. I would recommend this to anyone looking for a reliable wireless headphones.",0
COMPLETE SCAM!!! DO NOT BUY!!! WASTE OF MONEY AND TIME!!! I hate this electric kettle. The customer support refused to reply. AVOID AT ALL COSTS!!!,1
JUST WOW! DO NOT HESITATE! Buy this product immediately! I love it so much! This running shoes is a lifesaver! I bought 5 more for my family members. PERFECT!!!,1
"I purchased this backpack a month ago. The zipper quality is excellent. It has been running smoothly without any major issues. Overall, it is a decent value for money, though shipping took an extra day. I would recommend this to anyone looking for a reliable backpack.",0
"I purchased this smartwatch two months ago. The heart rate monitor is reliable. It has been running smoothly without any major issues. Overall, it is a decent value for money, though shipping took an extra day. I would recommend this to anyone looking for a reliable smartwatch.",0
"I received the power bank two months ago but I am not entirely satisfied. The port durability seems defective and didn't meet my expectations. Additionally, the build quality feels a bit plastic-like. It works okay for basic stuff, but I wouldn't recommend it if you need high performance.",0
ABSOLUTELY PERFECT!!! 10/10 stars!!! Extremely fast shipping and wonderful product!!! This wireless headphones is a lifesaver! I bought 5 more for my family members. PERFECT!!!,1
OMG!!! The seller is an angel! The best customer service! Strongly recommended!!! This coffee maker is a lifesaver! I bought 5 more for my family members. PERFECT!!!,1
"UNBELIEVABLE QUALITY!!! Exceeded all expectations!!! Buy it right now, thank me later!!! This power bank is a lifesaver! I bought 5 more for my family members. PERFECT!!!",1
"UNBELIEVABLE QUALITY!!! Exceeded all expectations!!! Buy it right now, thank me later!!! This electric kettle is a lifesaver! I bought 5 more for my family members. PERFECT!!!",1
"I purchased this wireless headphones last week. The noise cancellation is excellent. It has been running smoothly without any major issues. Overall, it is a decent value for money, though shipping took an extra day. I would recommend this to anyone looking for a reliable wireless headphones.",0
"I purchased this backpack last week. The shoulder pad comfort is quite good. It has been running smoothly without any major issues. Overall, it is a decent value for money, though shipping took an extra day. I would recommend this to anyone looking for a reliable backpack.",0
"I purchased this backpack last week. The laptop sleeve spacing is impressive. It has been running smoothly without any major issues. Overall, it is a decent value for money, though shipping took an extra day. I would recommend this to anyone looking for a reliable backpack.",0
"I received the vacuum cleaner yesterday but I am not entirely satisfied. The suction power seems defective and didn't meet my expectations. Additionally, the build quality feels a bit plastic-like. It works okay for basic stuff, but I wouldn't recommend it if you need high performance.",0
"I purchased this running shoes recently. The cushion thickness is decent. It has been running smoothly without any major issues. Overall, it is a decent value for money, though shipping took an extra day. I would recommend this to anyone looking for a reliable running shoes.",0
JUST WOW! DO NOT HESITATE! Buy this product immediately! I love it so much! This running shoes is a lifesaver! I bought 5 more for my family members. PERFECT!!!,1
AMAZING PRODUCT!!! THE BEST THING EVER!!! MUST BUY NOW!!! This electric kettle is a lifesaver! I bought 5 more for my family members. PERFECT!!!,1
CRAP!!! SCAMMER SELLER!!! RUN AWAY!!! DO NOT TRUST THIS PRODUCT!!! I hate this power bank. The customer support refused to reply. AVOID AT ALL COSTS!!!,1
WARNING!!! FAKE REVIEWS HERE!!! This item is dangerous and broke immediately! DON'T BUY! I hate this running shoes. The customer support refused to reply. AVOID AT ALL COSTS!!!,1
"I purchased this laptop three days ago. The cooling fan sound is satisfying. It has been running smoothly without any major issues. Overall, it is a decent value for money, though shipping took an extra day. I would recommend this to anyone looking for a reliable laptop.",0
"I received the power bank recently but I am not entirely satisfied. The capacity retention seems mediocre and didn't meet my expectations. Additionally, the build quality feels a bit plastic-like. It works okay for basic stuff, but I wouldn't recommend it if you need high performance.",0
"I received the electric kettle three days ago but I am not entirely satisfied. The spout design seems average and didn't meet my expectations. Additionally, the build quality feels a bit plastic-like. It works okay for basic stuff, but I wouldn't recommend it if you need high performance.",0
"I received the phone two months ago but I am not entirely satisfied. The battery life seems disappointing and didn't meet my expectations. Additionally, the build quality feels a bit plastic-like. It works okay for basic stuff, but I wouldn't recommend it if you need high performance.",0
COMPLETE SCAM!!! DO NOT BUY!!! WASTE OF MONEY AND TIME!!! I hate this laptop. The customer support refused to reply. AVOID AT ALL COSTS!!!,1
TERRIBLE!!! Total garbage. Zero stars if possible. Refund my money immediately!!! I hate this vacuum cleaner. The customer support refused to reply. AVOID AT ALL COSTS!!!,1
ABSOLUTELY PERFECT!!! 10/10 stars!!! Extremely fast shipping and wonderful product!!! This backpack is a lifesaver! I bought 5 more for my family members. PERFECT!!!,1
"I purchased this vacuum cleaner two months ago. The cord length is satisfying. It has been running smoothly without any major issues. Overall, it is a decent value for money, though shipping took an extra day. I would recommend this to anyone looking for a reliable vacuum cleaner.",0
AMAZING PRODUCT!!! THE BEST THING EVER!!! MUST BUY NOW!!! This laptop is a lifesaver! I bought 5 more for my family members. PERFECT!!!,1
OMG!!! The seller is an angel! The best customer service! Strongly recommended!!! This power bank is a lifesaver! I bought 5 more for my family members. PERFECT!!!,1
"I purchased this laptop yesterday. The keyboard response is excellent. It has been running smoothly without any major issues. Overall, it is a decent value for money, though shipping took an extra day. I would recommend this to anyone looking for a reliable laptop.",0
"I received the backpack three days ago but I am not entirely satisfied. The waterproof lining seems mediocre and didn't meet my expectations. Additionally, the build quality feels a bit plastic-like. It works okay for basic stuff, but I wouldn't recommend it if you need high performance.",0
"I received the backpack last week but I am not entirely satisfied. The waterproof lining seems disappointing and didn't meet my expectations. Additionally, the build quality feels a bit plastic-like. It works okay for basic stuff, but I wouldn't recommend it if you need high performance.",0
"I purchased this phone three days ago. The screen brightness is reliable. It has been running smoothly without any major issues. Overall, it is a decent value for money, though shipping took an extra day. I would recommend this to anyone looking for a reliable phone.",0
"I purchased this power bank recently. The charging speed is outstanding. It has been running smoothly without any major issues. Overall, it is a decent value for money, though shipping took an extra day. I would recommend this to anyone looking for a reliable power bank.",0
"I purchased this coffee maker two months ago. The carafe design is excellent. It has been running smoothly without any major issues. Overall, it is a decent value for money, though shipping took an extra day. I would recommend this to anyone looking for a reliable coffee maker.",0
WARNING!!! FAKE REVIEWS HERE!!! This item is dangerous and broke immediately! DON'T BUY! I hate this backpack. The customer support refused to reply. AVOID AT ALL COSTS!!!,1
JUST WOW! DO NOT HESITATE! Buy this product immediately! I love it so much! This laptop is a lifesaver! I bought 5 more for my family members. PERFECT!!!,1
"I purchased this power bank last week. The port durability is excellent. It has been running smoothly without any major issues. Overall, it is a decent value for money, though shipping took an extra day. I would recommend this to anyone looking for a reliable power bank.",0
CRAP!!! SCAMMER SELLER!!! RUN AWAY!!! DO NOT TRUST THIS PRODUCT!!! I hate this laptop. The customer support refused to reply. AVOID AT ALL COSTS!!!,1
"I purchased this smartwatch two months ago. The step tracking is decent. It has been running smoothly without any major issues. Overall, it is a decent value for money, though shipping took an extra day. I would recommend this to anyone looking for a reliable smartwatch.",0
"I purchased this laptop last week. The boot time is decent. It has been running smoothly without any major issues. Overall, it is a decent value for money, though shipping took an extra day. I would recommend this to anyone looking for a reliable laptop.",0
"I purchased this smartwatch last week. The step tracking is quite good. It has been running smoothly without any major issues. Overall, it is a decent value for money, though shipping took an extra day. I would recommend this to anyone looking for a reliable smartwatch.",0
"I purchased this electric kettle two months ago. The auto-shutoff feature is great. It has been running smoothly without any major issues. Overall, it is a decent value for money, though shipping took an extra day. I would recommend this to anyone looking for a reliable electric kettle.",0
"I purchased this electric kettle recently. The boiling speed is excellent. It has been running smoothly without any major issues. Overall, it is a decent value for money, though shipping took an extra day. I would recommend this to anyone looking for a reliable electric kettle.",0
"I purchased this electric kettle two months ago. The boiling speed is great. It has been running smoothly without any major issues. Overall, it is a decent value for money, though shipping took an extra day. I would recommend this to anyone looking for a reliable electric kettle.",0
"I received the wireless headphones yesterday but I am not entirely satisfied. The sound clarity seems defective and didn't meet my expectations. Additionally, the build quality feels a bit plastic-like. It works okay for basic stuff, but I wouldn't recommend it if you need high performance.",0
CRAP!!! SCAMMER SELLER!!! RUN AWAY!!! DO NOT TRUST THIS PRODUCT!!! I hate this laptop. The customer support refused to reply. AVOID AT ALL COSTS!!!,1
"I received the phone last week but I am not entirely satisfied. The battery life seems disappointing and didn't meet my expectations. Additionally, the build quality feels a bit plastic-like. It works okay for basic stuff, but I wouldn't recommend it if you need high performance.",0
"I purchased this power bank yesterday. The LED display accuracy is satisfying. It has been running smoothly without any major issues. Overall, it is a decent value for money, though shipping took an extra day. I would recommend this to anyone looking for a reliable power bank.",0
"I received the vacuum cleaner two months ago but I am not entirely satisfied. The weight seems mediocre and didn't meet my expectations. Additionally, the build quality feels a bit plastic-like. It works okay for basic stuff, but I wouldn't recommend it if you need high performance.",0
"I purchased this smartwatch two months ago. The watch strap comfort is quite good. It has been running smoothly without any major issues. Overall, it is a decent value for money, though shipping took an extra day. I would recommend this to anyone looking for a reliable smartwatch.",0
"I purchased this smartwatch yesterday. The step tracking is great. It has been running smoothly without any major issues. Overall, it is a decent value for money, though shipping took an extra day. I would recommend this to anyone looking for a reliable smartwatch.",0
"I purchased this phone yesterday. The camera quality is reliable. It has been running smoothly without any major issues. Overall, it is a decent value for money, though shipping took an extra day. I would recommend this to anyone looking for a reliable phone.",0
"I received the smartwatch recently but I am not entirely satisfied. The sleep tracking seems flimsy and didn't meet my expectations. Additionally, the build quality feels a bit plastic-like. It works okay for basic stuff, but I wouldn't recommend it if you need high performance.",0
"I purchased this vacuum cleaner two months ago. The suction power is satisfying. It has been running smoothly without any major issues. Overall, it is a decent value for money, though shipping took an extra day. I would recommend this to anyone looking for a reliable vacuum cleaner.",0
TERRIBLE!!! Total garbage. Zero stars if possible. Refund my money immediately!!! I hate this wireless headphones. The customer support refused to reply. AVOID AT ALL COSTS!!!,1
"I received the vacuum cleaner yesterday but I am not entirely satisfied. The cord length seems average and didn't meet my expectations. Additionally, the build quality feels a bit plastic-like. It works okay for basic stuff, but I wouldn't recommend it if you need high performance.",0
COMPLETE SCAM!!! DO NOT BUY!!! WASTE OF MONEY AND TIME!!! I hate this wireless headphones. The customer support refused to reply. AVOID AT ALL COSTS!!!,1
"I received the smartwatch a month ago but I am not entirely satisfied. The heart rate monitor seems disappointing and didn't meet my expectations. Additionally, the build quality feels a bit plastic-like. It works okay for basic stuff, but I wouldn't recommend it if you need high performance.",0
"I received the running shoes a month ago but I am not entirely satisfied. The sole grip seems subpar and didn't meet my expectations. Additionally, the build quality feels a bit plastic-like. It works okay for basic stuff, but I wouldn't recommend it if you need high performance.",0
"I received the wireless headphones recently but I am not entirely satisfied. The earbud fit seems bad and didn't meet my expectations. Additionally, the build quality feels a bit plastic-like. It works okay for basic stuff, but I wouldn't recommend it if you need high performance.",0
CRAP!!! SCAMMER SELLER!!! RUN AWAY!!! DO NOT TRUST THIS PRODUCT!!! I hate this backpack. The customer support refused to reply. AVOID AT ALL COSTS!!!,1
AMAZING PRODUCT!!! THE BEST THING EVER!!! MUST BUY NOW!!! This laptop is a lifesaver! I bought 5 more for my family members. PERFECT!!!,1
CRAP!!! SCAMMER SELLER!!! RUN AWAY!!! DO NOT TRUST THIS PRODUCT!!! I hate this laptop. The customer support refused to reply. AVOID AT ALL COSTS!!!,1
"I received the smartwatch last week but I am not entirely satisfied. The heart rate monitor seems flimsy and didn't meet my expectations. Additionally, the build quality feels a bit plastic-like. It works okay for basic stuff, but I wouldn't recommend it if you need high performance.",0
"I received the wireless headphones three days ago but I am not entirely satisfied. The sound clarity seems disappointing and didn't meet my expectations. Additionally, the build quality feels a bit plastic-like. It works okay for basic stuff, but I wouldn't recommend it if you need high performance.",0
"I purchased this running shoes a month ago. The arch support is excellent. It has been running smoothly without any major issues. Overall, it is a decent value for money, though shipping took an extra day. I would recommend this to anyone looking for a reliable running shoes.",0
"I purchased this backpack recently. The waterproof lining is impressive. It has been running smoothly without any major issues. Overall, it is a decent value for money, though shipping took an extra day. I would recommend this to anyone looking for a reliable backpack.",0
TERRIBLE!!! Total garbage. Zero stars if possible. Refund my money immediately!!! I hate this phone. The customer support refused to reply. AVOID AT ALL COSTS!!!,1
"I received the power bank two months ago but I am not entirely satisfied. The LED display accuracy seems mediocre and didn't meet my expectations. Additionally, the build quality feels a bit plastic-like. It works okay for basic stuff, but I wouldn't recommend it if you need high performance.",0
ABSOLUTELY PERFECT!!! 10/10 stars!!! Extremely fast shipping and wonderful product!!! This coffee maker is a lifesaver! I bought 5 more for my family members. PERFECT!!!,1
"I received the running shoes two months ago but I am not entirely satisfied. The cushion thickness seems faulty and didn't meet my expectations. Additionally, the build quality feels a bit plastic-like. It works okay for basic stuff, but I wouldn't recommend it if you need high performance.",0
"I received the coffee maker three days ago but I am not entirely satisfied. The carafe design seems defective and didn't meet my expectations. Additionally, the build quality feels a bit plastic-like. It works okay for basic stuff, but I wouldn't recommend it if you need high performance.",0
"I received the phone recently but I am not entirely satisfied. The battery life seems flimsy and didn't meet my expectations. Additionally, the build quality feels a bit plastic-like. It works okay for basic stuff, but I wouldn't recommend it if you need high performance.",0
"I received the smartwatch two months ago but I am not entirely satisfied. The watch strap comfort seems disappointing and didn't meet my expectations. Additionally, the build quality feels a bit plastic-like. It works okay for basic stuff, but I wouldn't recommend it if you need high performance.",0
COMPLETE SCAM!!! DO NOT BUY!!! WASTE OF MONEY AND TIME!!! I hate this phone. The customer support refused to reply. AVOID AT ALL COSTS!!!,1
"I received the laptop recently but I am not entirely satisfied. The screen resolution seems mediocre and didn't meet my expectations. Additionally, the build quality feels a bit plastic-like. It works okay for basic stuff, but I wouldn't recommend it if you need high performance.",0
"I purchased this phone yesterday. The battery life is reliable. It has been running smoothly without any major issues. Overall, it is a decent value for money, though shipping took an extra day. I would recommend this to anyone looking for a reliable phone.",0
"I purchased this laptop three days ago. The keyboard response is reliable. It has been running smoothly without any major issues. Overall, it is a decent value for money, though shipping took an extra day. I would recommend this to anyone looking for a reliable laptop.",0
CRAP!!! SCAMMER SELLER!!! RUN AWAY!!! DO NOT TRUST THIS PRODUCT!!! I hate this vacuum cleaner. The customer support refused to reply. AVOID AT ALL COSTS!!!,1
WORST PRODUCT EVER!!! BROKE IN ONE MINUTE!!! TRASH!!! I hate this vacuum cleaner. The customer support refused to reply. AVOID AT ALL COSTS!!!,1
AMAZING PRODUCT!!! THE BEST THING EVER!!! MUST BUY NOW!!! This vacuum cleaner is a lifesaver! I bought 5 more for my family members. PERFECT!!!,1
"I purchased this coffee maker recently. The brewing speed is impressive. It has been running smoothly without any major issues. Overall, it is a decent value for money, though shipping took an extra day. I would recommend this to anyone looking for a reliable coffee maker.",0
"I purchased this wireless headphones last week. The sound clarity is impressive. It has been running smoothly without any major issues. Overall, it is a decent value for money, though shipping took an extra day. I would recommend this to anyone looking for a reliable wireless headphones.",0
ABSOLUTELY PERFECT!!! 10/10 stars!!! Extremely fast shipping and wonderful product!!! This backpack is a lifesaver! I bought 5 more for my family members. PERFECT!!!,1
TERRIBLE!!! Total garbage. Zero stars if possible. Refund my money immediately!!! I hate this backpack. The customer support refused to reply. AVOID AT ALL COSTS!!!,1
"I purchased this coffee maker two months ago. The water tank capacity is quite good. It has been running smoothly without any major issues. Overall, it is a decent value for money, though shipping took an extra day. I would recommend this to anyone looking for a reliable coffee maker.",0
"UNBELIEVABLE QUALITY!!! Exceeded all expectations!!! Buy it right now, thank me later!!! This coffee maker is a lifesaver! I bought 5 more for my family members. PERFECT!!!",1
WOW!!! Simply outstanding! Best purchase I've ever made in my entire life! This power bank is a lifesaver! I bought 5 more for my family members. PERFECT!!!,1
WOW!!! Simply outstanding! Best purchase I've ever made in my entire life! This smartwatch is a lifesaver! I bought 5 more for my family members. PERFECT!!!,1
"I purchased this smartwatch three days ago. The heart rate monitor is impressive. It has been running smoothly without any major issues. Overall, it is a decent value for money, though shipping took an extra day. I would recommend this to anyone looking for a reliable smartwatch.",0
"I received the coffee maker yesterday but I am not entirely satisfied. The brewing speed seems flimsy and didn't meet my expectations. Additionally, the build quality feels a bit plastic-like. It works okay for basic stuff, but I wouldn't recommend it if you need high performance.",0
"I purchased this laptop three days ago. The boot time is quite good. It has been running smoothly without any major issues. Overall, it is a decent value for money, though shipping took an extra day. I would recommend this to anyone looking for a reliable laptop.",0
COMPLETE SCAM!!! DO NOT BUY!!! WASTE OF MONEY AND TIME!!! I hate this phone. The customer support refused to reply. AVOID AT ALL COSTS!!!,1
"I received the electric kettle last week but I am not entirely satisfied. The handle grip seems mediocre and didn't meet my expectations. Additionally, the build quality feels a bit plastic-like. It works okay for basic stuff, but I wouldn't recommend it if you need high performance.",0
WARNING!!! FAKE REVIEWS HERE!!! This item is dangerous and broke immediately! DON'T BUY! I hate this backpack. The customer support refused to reply. AVOID AT ALL COSTS!!!,1
"I purchased this vacuum cleaner yesterday. The suction power is quite good. It has been running smoothly without any major issues. Overall, it is a decent value for money, though shipping took an extra day. I would recommend this to anyone looking for a reliable vacuum cleaner.",0
"I purchased this wireless headphones recently. The sound clarity is impressive. It has been running smoothly without any major issues. Overall, it is a decent value for money, though shipping took an extra day. I would recommend this to anyone looking for a reliable wireless headphones.",0
OMG!!! The seller is an angel! The best customer service! Strongly recommended!!! This backpack is a lifesaver! I bought 5 more for my family members. PERFECT!!!,1
"I purchased this laptop last week. The cooling fan sound is quite good. It has been running smoothly without any major issues. Overall, it is a decent value for money, though shipping took an extra day. I would recommend this to anyone looking for a reliable laptop.",0
"I purchased this wireless headphones three days ago. The noise cancellation is quite good. It has been running smoothly without any major issues. Overall, it is a decent value for money, though shipping took an extra day. I would recommend this to anyone looking for a reliable wireless headphones.",0
CRAP!!! SCAMMER SELLER!!! RUN AWAY!!! DO NOT TRUST THIS PRODUCT!!! I hate this wireless headphones. The customer support refused to reply. AVOID AT ALL COSTS!!!,1
"I purchased this phone three days ago. The battery life is satisfying. It has been running smoothly without any major issues. Overall, it is a decent value for money, though shipping took an extra day. I would recommend this to anyone looking for a reliable phone.",0
"I received the wireless headphones recently but I am not entirely satisfied. The noise cancellation seems bad and didn't meet my expectations. Additionally, the build quality feels a bit plastic-like. It works okay for basic stuff, but I wouldn't recommend it if you need high performance.",0
"I purchased this phone last week. The battery life is great. It has been running smoothly without any major issues. Overall, it is a decent value for money, though shipping took an extra day. I would recommend this to anyone looking for a reliable phone.",0
"I purchased this coffee maker three days ago. The water tank capacity is great. It has been running smoothly without any major issues. Overall, it is a decent value for money, though shipping took an extra day. I would recommend this to anyone looking for a reliable coffee maker.",0
"I purchased this running shoes three days ago. The sole grip is great. It has been running smoothly without any major issues. Overall, it is a decent value for money, though shipping took an extra day. I would recommend this to anyone looking for a reliable running shoes.",0
"I purchased this coffee maker a month ago. The carafe design is decent. It has been running smoothly without any major issues. Overall, it is a decent value for money, though shipping took an extra day. I would recommend this to anyone looking for a reliable coffee maker.",0
WARNING!!! FAKE REVIEWS HERE!!! This item is dangerous and broke immediately! DON'T BUY! I hate this electric kettle. The customer support refused to reply. AVOID AT ALL COSTS!!!,1
"I received the phone recently but I am not entirely satisfied. The camera quality seems faulty and didn't meet my expectations. Additionally, the build quality feels a bit plastic-like. It works okay for basic stuff, but I wouldn't recommend it if you need high performance.",0
"I received the phone a month ago but I am not entirely satisfied. The camera quality seems flimsy and didn't meet my expectations. Additionally, the build quality feels a bit plastic-like. It works okay for basic stuff, but I wouldn't recommend it if you need high performance.",0
"I purchased this phone recently. The screen brightness is quite good. It has been running smoothly without any major issues. Overall, it is a decent value for money, though shipping took an extra day. I would recommend this to anyone looking for a reliable phone.",0
"I purchased this power bank a month ago. The port durability is satisfying. It has been running smoothly without any major issues. Overall, it is a decent value for money, though shipping took an extra day. I would recommend this to anyone looking for a reliable power bank.",0
"I received the coffee maker recently but I am not entirely satisfied. The brewing speed seems average and didn't meet my expectations. Additionally, the build quality feels a bit plastic-like. It works okay for basic stuff, but I wouldn't recommend it if you need high performance.",0
"I purchased this vacuum cleaner two months ago. The weight is impressive. It has been running smoothly without any major issues. Overall, it is a decent value for money, though shipping took an extra day. I would recommend this to anyone looking for a reliable vacuum cleaner.",0
"I purchased this running shoes yesterday. The material breathability is great. It has been running smoothly without any major issues. Overall, it is a decent value for money, though shipping took an extra day. I would recommend this to anyone looking for a reliable running shoes.",0
"I purchased this smartwatch last week. The heart rate monitor is decent. It has been running smoothly without any major issues. Overall, it is a decent value for money, though shipping took an extra day. I would recommend this to anyone looking for a reliable smartwatch.",0
"I received the backpack three days ago but I am not entirely satisfied. The zipper quality seems disappointing and didn't meet my expectations. Additionally, the build quality feels a bit plastic-like. It works okay for basic stuff, but I wouldn't recommend it if you need high performance.",0
"I received the power bank yesterday but I am not entirely satisfied. The port durability seems defective and didn't meet my expectations. Additionally, the build quality feels a bit plastic-like. It works okay for basic stuff, but I wouldn't recommend it if you need high performance.",0
"I received the laptop a month ago but I am not entirely satisfied. The screen resolution seems faulty and didn't meet my expectations. Additionally, the build quality feels a bit plastic-like. It works okay for basic stuff, but I wouldn't recommend it if you need high performance.",0
WORST PRODUCT EVER!!! BROKE IN ONE MINUTE!!! TRASH!!! I hate this electric kettle. The customer support refused to reply. AVOID AT ALL COSTS!!!,1
ABSOLUTELY PERFECT!!! 10/10 stars!!! Extremely fast shipping and wonderful product!!! This phone is a lifesaver! I bought 5 more for my family members. PERFECT!!!,1
TERRIBLE!!! Total garbage. Zero stars if possible. Refund my money immediately!!! I hate this vacuum cleaner. The customer support refused to reply. AVOID AT ALL COSTS!!!,1
OMG!!! The seller is an angel! The best customer service! Strongly recommended!!! This power bank is a lifesaver! I bought 5 more for my family members. PERFECT!!!,1
"I purchased this electric kettle yesterday. The handle grip is excellent. It has been running smoothly without any major issues. Overall, it is a decent value for money, though shipping took an extra day. I would recommend this to anyone looking for a reliable electric kettle.",0
"I purchased this wireless headphones two months ago. The sound clarity is quite good. It has been running smoothly without any major issues. Overall, it is a decent value for money, though shipping took an extra day. I would recommend this to anyone looking for a reliable wireless headphones.",0
TERRIBLE!!! Total garbage. Zero stars if possible. Refund my money immediately!!! I hate this phone. The customer support refused to reply. AVOID AT ALL COSTS!!!,1
"I received the smartwatch recently but I am not entirely satisfied. The heart rate monitor seems subpar and didn't meet my expectations. Additionally, the build quality feels a bit plastic-like. It works okay for basic stuff, but I wouldn't recommend it if you need high performance.",0
TERRIBLE!!! Total garbage. Zero stars if possible. Refund my money immediately!!! I hate this running shoes. The customer support refused to reply. AVOID AT ALL COSTS!!!,1
"I purchased this laptop last week. The keyboard response is outstanding. It has been running smoothly without any major issues. Overall, it is a decent value for money, though shipping took an extra day. I would recommend this to anyone looking for a reliable laptop.",0
CRAP!!! SCAMMER SELLER!!! RUN AWAY!!! DO NOT TRUST THIS PRODUCT!!! I hate this phone. The customer support refused to reply. AVOID AT ALL COSTS!!!,1
"I purchased this backpack three days ago. The shoulder pad comfort is decent. It has been running smoothly without any major issues. Overall, it is a decent value for money, though shipping took an extra day. I would recommend this to anyone looking for a reliable backpack.",0
"I purchased this laptop recently. The boot time is reliable. It has been running smoothly without any major issues. Overall, it is a decent value for money, though shipping took an extra day. I would recommend this to anyone looking for a reliable laptop.",0
AMAZING PRODUCT!!! THE BEST THING EVER!!! MUST BUY NOW!!! This coffee maker is a lifesaver! I bought 5 more for my family members. PERFECT!!!,1
WORST PRODUCT EVER!!! BROKE IN ONE MINUTE!!! TRASH!!! I hate this running shoes. The customer support refused to reply. AVOID AT ALL COSTS!!!,1
"I received the laptop three days ago but I am not entirely satisfied. The cooling fan sound seems faulty and didn't meet my expectations. Additionally, the build quality feels a bit plastic-like. It works okay for basic stuff, but I wouldn't recommend it if you need high performance.",0
"I received the electric kettle recently but I am not entirely satisfied. The spout design seems faulty and didn't meet my expectations. Additionally, the build quality feels a bit plastic-like. It works okay for basic stuff, but I wouldn't recommend it if you need high performance.",0
"I purchased this laptop three days ago. The screen resolution is impressive. It has been running smoothly without any major issues. Overall, it is a decent value for money, though shipping took an extra day. I would recommend this to anyone looking for a reliable laptop.",0
"I received the phone three days ago but I am not entirely satisfied. The camera quality seems disappointing and didn't meet my expectations. Additionally, the build quality feels a bit plastic-like. It works okay for basic stuff, but I wouldn't recommend it if you need high performance.",0
ABSOLUTELY PERFECT!!! 10/10 stars!!! Extremely fast shipping and wonderful product!!! This wireless headphones is a lifesaver! I bought 5 more for my family members. PERFECT!!!,1
"I purchased this wireless headphones a month ago. The bass depth is satisfying. It has been running smoothly without any major issues. Overall, it is a decent value for money, though shipping took an extra day. I would recommend this to anyone looking for a reliable wireless headphones.",0
"I purchased this vacuum cleaner recently. The suction power is great. It has been running smoothly without any major issues. Overall, it is a decent value for money, though shipping took an extra day. I would recommend this to anyone looking for a reliable vacuum cleaner.",0
"I received the phone yesterday but I am not entirely satisfied. The battery life seems flimsy and didn't meet my expectations. Additionally, the build quality feels a bit plastic-like. It works okay for basic stuff, but I wouldn't recommend it if you need high performance.",0
"I purchased this phone recently. The face unlock speed is satisfying. It has been running smoothly without any major issues. Overall, it is a decent value for money, though shipping took an extra day. I would recommend this to anyone looking for a reliable phone.",0
WARNING!!! FAKE REVIEWS HERE!!! This item is dangerous and broke immediately! DON'T BUY! I hate this smartwatch. The customer support refused to reply. AVOID AT ALL COSTS!!!,1
ABSOLUTELY PERFECT!!! 10/10 stars!!! Extremely fast shipping and wonderful product!!! This phone is a lifesaver! I bought 5 more for my family members. PERFECT!!!,1
"UNBELIEVABLE QUALITY!!! Exceeded all expectations!!! Buy it right now, thank me later!!! This electric kettle is a lifesaver! I bought 5 more for my family members. PERFECT!!!",1
CRAP!!! SCAMMER SELLER!!! RUN AWAY!!! DO NOT TRUST THIS PRODUCT!!! I hate this smartwatch. The customer support refused to reply. AVOID AT ALL COSTS!!!,1
"I received the vacuum cleaner two months ago but I am not entirely satisfied. The cord length seems average and didn't meet my expectations. Additionally, the build quality feels a bit plastic-like. It works okay for basic stuff, but I wouldn't recommend it if you need high performance.",0
"I received the laptop yesterday but I am not entirely satisfied. The keyboard response seems bad and didn't meet my expectations. Additionally, the build quality feels a bit plastic-like. It works okay for basic stuff, but I wouldn't recommend it if you need high performance.",0
"I purchased this wireless headphones two months ago. The bass depth is satisfying. It has been running smoothly without any major issues. Overall, it is a decent value for money, though shipping took an extra day. I would recommend this to anyone looking for a reliable wireless headphones.",0
"I purchased this phone recently. The camera quality is reliable. It has been running smoothly without any major issues. Overall, it is a decent value for money, though shipping took an extra day. I would recommend this to anyone looking for a reliable phone.",0
"I received the smartwatch three days ago but I am not entirely satisfied. The sleep tracking seems flimsy and didn't meet my expectations. Additionally, the build quality feels a bit plastic-like. It works okay for basic stuff, but I wouldn't recommend it if you need high performance.",0
"I received the smartwatch three days ago but I am not entirely satisfied. The watch strap comfort seems faulty and didn't meet my expectations. Additionally, the build quality feels a bit plastic-like. It works okay for basic stuff, but I wouldn't recommend it if you need high performance.",0
"I purchased this power bank two months ago. The capacity retention is impressive. It has been running smoothly without any major issues. Overall, it is a decent value for money, though shipping took an extra day. I would recommend this to anyone looking for a reliable power bank.",0
COMPLETE SCAM!!! DO NOT BUY!!! WASTE OF MONEY AND TIME!!! I hate this wireless headphones. The customer support refused to reply. AVOID AT ALL COSTS!!!,1
"I received the laptop yesterday but I am not entirely satisfied. The cooling fan sound seems flimsy and didn't meet my expectations. Additionally, the build quality feels a bit plastic-like. It works okay for basic stuff, but I wouldn't recommend it if you need high performance.",0
"I received the backpack two months ago but I am not entirely satisfied. The laptop sleeve spacing seems flimsy and didn't meet my expectations. Additionally, the build quality feels a bit plastic-like. It works okay for basic stuff, but I wouldn't recommend it if you need high performance.",0
"I purchased this power bank recently. The port durability is quite good. It has been running smoothly without any major issues. Overall, it is a decent value for money, though shipping took an extra day. I would recommend this to anyone looking for a reliable power bank.",0
WORST PRODUCT EVER!!! BROKE IN ONE MINUTE!!! TRASH!!! I hate this smartwatch. The customer support refused to reply. AVOID AT ALL COSTS!!!,1
WOW!!! Simply outstanding! Best purchase I've ever made in my entire life! This backpack is a lifesaver! I bought 5 more for my family members. PERFECT!!!,1
"I received the coffee maker last week but I am not entirely satisfied. The temperature control seems faulty and didn't meet my expectations. Additionally, the build quality feels a bit plastic-like. It works okay for basic stuff, but I wouldn't recommend it if you need high performance.",0
WARNING!!! FAKE REVIEWS HERE!!! This item is dangerous and broke immediately! DON'T BUY! I hate this laptop. The customer support refused to reply. AVOID AT ALL COSTS!!!,1
"I received the electric kettle three days ago but I am not entirely satisfied. The handle grip seems subpar and didn't meet my expectations. Additionally, the build quality feels a bit plastic-like. It works okay for basic stuff, but I wouldn't recommend it if you need high performance.",0
COMPLETE SCAM!!! DO NOT BUY!!! WASTE OF MONEY AND TIME!!! I hate this power bank. The customer support refused to reply. AVOID AT ALL COSTS!!!,1
"I received the electric kettle yesterday but I am not entirely satisfied. The auto-shutoff feature seems defective and didn't meet my expectations. Additionally, the build quality feels a bit plastic-like. It works okay for basic stuff, but I wouldn't recommend it if you need high performance.",0
"I purchased this running shoes last week. The cushion thickness is satisfying. It has been running smoothly without any major issues. Overall, it is a decent value for money, though shipping took an extra day. I would recommend this to anyone looking for a reliable running shoes.",0
"I purchased this wireless headphones yesterday. The earbud fit is reliable. It has been running smoothly without any major issues. Overall, it is a decent value for money, though shipping took an extra day. I would recommend this to anyone looking for a reliable wireless headphones.",0
"I received the phone yesterday but I am not entirely satisfied. The face unlock speed seems mediocre and didn't meet my expectations. Additionally, the build quality feels a bit plastic-like. It works okay for basic stuff, but I wouldn't recommend it if you need high performance.",0
ABSOLUTELY PERFECT!!! 10/10 stars!!! Extremely fast shipping and wonderful product!!! This coffee maker is a lifesaver! I bought 5 more for my family members. PERFECT!!!,1
JUST WOW! DO NOT HESITATE! Buy this product immediately! I love it so much! This phone is a lifesaver! I bought 5 more for my family members. PERFECT!!!,1
"I purchased this phone a month ago. The battery life is decent. It has been running smoothly without any major issues. Overall, it is a decent value for money, though shipping took an extra day. I would recommend this to anyone looking for a reliable phone.",0
AMAZING PRODUCT!!! THE BEST THING EVER!!! MUST BUY NOW!!! This laptop is a lifesaver! I bought 5 more for my family members. PERFECT!!!,1
"I received the phone two months ago but I am not entirely satisfied. The screen brightness seems defective and didn't meet my expectations. Additionally, the build quality feels a bit plastic-like. It works okay for basic stuff, but I wouldn't recommend it if you need high performance.",0
"I purchased this smartwatch yesterday. The watch strap comfort is excellent. It has been running smoothly without any major issues. Overall, it is a decent value for money, though shipping took an extra day. I would recommend this to anyone looking for a reliable smartwatch.",0
"I purchased this power bank last week. The charging speed is impressive. It has been running smoothly without any major issues. Overall, it is a decent value for money, though shipping took an extra day. I would recommend this to anyone looking for a reliable power bank.",0
"I purchased this coffee maker yesterday. The water tank capacity is outstanding. It has been running smoothly without any major issues. Overall, it is a decent value for money, though shipping took an extra day. I would recommend this to anyone looking for a reliable coffee maker.",0
"I purchased this power bank three days ago. The LED display accuracy is great. It has been running smoothly without any major issues. Overall, it is a decent value for money, though shipping took an extra day. I would recommend this to anyone looking for a reliable power bank.",0
WOW!!! Simply outstanding! Best purchase I've ever made in my entire life! This electric kettle is a lifesaver! I bought 5 more for my family members. PERFECT!!!,1
WOW!!! Simply outstanding! Best purchase I've ever made in my entire life! This running shoes is a lifesaver! I bought 5 more for my family members. PERFECT!!!,1
"I received the backpack three days ago but I am not entirely satisfied. The laptop sleeve spacing seems faulty and didn't meet my expectations. Additionally, the build quality feels a bit plastic-like. It works okay for basic stuff, but I wouldn't recommend it if you need high performance.",0
"I received the power bank yesterday but I am not entirely satisfied. The charging speed seems subpar and didn't meet my expectations. Additionally, the build quality feels a bit plastic-like. It works okay for basic stuff, but I wouldn't recommend it if you need high performance.",0
"I purchased this running shoes two months ago. The material breathability is excellent. It has been running smoothly without any major issues. Overall, it is a decent value for money, though shipping took an extra day. I would recommend this to anyone looking for a reliable running shoes.",0
"I purchased this electric kettle yesterday. The spout design is great. It has been running smoothly without any major issues. Overall, it is a decent value for money, though shipping took an extra day. I would recommend this to anyone looking for a reliable electric kettle.",0
ABSOLUTELY PERFECT!!! 10/10 stars!!! Extremely fast shipping and wonderful product!!! This running shoes is a lifesaver! I bought 5 more for my family members. PERFECT!!!,1
"I purchased this vacuum cleaner last week. The cord length is satisfying. It has been running smoothly without any major issues. Overall, it is a decent value for money, though shipping took an extra day. I would recommend this to anyone looking for a reliable vacuum cleaner.",0
"I purchased this coffee maker three days ago. The brewing speed is great. It has been running smoothly without any major issues. Overall, it is a decent value for money, though shipping took an extra day. I would recommend this to anyone looking for a reliable coffee maker.",0
ABSOLUTELY PERFECT!!! 10/10 stars!!! Extremely fast shipping and wonderful product!!! This smartwatch is a lifesaver! I bought 5 more for my family members. PERFECT!!!,1
WORST PRODUCT EVER!!! BROKE IN ONE MINUTE!!! TRASH!!! I hate this backpack. The customer support refused to reply. AVOID AT ALL COSTS!!!,1
"I purchased this electric kettle recently. The handle grip is quite good. It has been running smoothly without any major issues. Overall, it is a decent value for money, though shipping took an extra day. I would recommend this to anyone looking for a reliable electric kettle.",0
"I received the electric kettle a month ago but I am not entirely satisfied. The spout design seems mediocre and didn't meet my expectations. Additionally, the build quality feels a bit plastic-like. It works okay for basic stuff, but I wouldn't recommend it if you need high performance.",0
"I received the coffee maker yesterday but I am not entirely satisfied. The water tank capacity seems flimsy and didn't meet my expectations. Additionally, the build quality feels a bit plastic-like. It works okay for basic stuff, but I wouldn't recommend it if you need high performance.",0
CRAP!!! SCAMMER SELLER!!! RUN AWAY!!! DO NOT TRUST THIS PRODUCT!!! I hate this laptop. The customer support refused to reply. AVOID AT ALL COSTS!!!,1
WOW!!! Simply outstanding! Best purchase I've ever made in my entire life! This smartwatch is a lifesaver! I bought 5 more for my family members. PERFECT!!!,1
"I purchased this coffee maker recently. The temperature control is great. It has been running smoothly without any major issues. Overall, it is a decent value for money, though shipping took an extra day. I would recommend this to anyone looking for a reliable coffee maker.",0
"I purchased this running shoes three days ago. The cushion thickness is outstanding. It has been running smoothly without any major issues. Overall, it is a decent value for money, though shipping took an extra day. I would recommend this to anyone looking for a reliable running shoes.",0
"I purchased this smartwatch a month ago. The sleep tracking is impressive. It has been running smoothly without any major issues. Overall, it is a decent value for money, though shipping took an extra day. I would recommend this to anyone looking for a reliable smartwatch.",0
"I purchased this coffee maker a month ago. The brewing speed is outstanding. It has been running smoothly without any major issues. Overall, it is a decent value for money, though shipping took an extra day. I would recommend this to anyone looking for a reliable coffee maker.",0
"I received the wireless headphones yesterday but I am not entirely satisfied. The bass depth seems faulty and didn't meet my expectations. Additionally, the build quality feels a bit plastic-like. It works okay for basic stuff, but I wouldn't recommend it if you need high performance.",0
TERRIBLE!!! Total garbage. Zero stars if possible. Refund my money immediately!!! I hate this power bank. The customer support refused to reply. AVOID AT ALL COSTS!!!,1
"I received the phone a month ago but I am not entirely satisfied. The screen brightness seems subpar and didn't meet my expectations. Additionally, the build quality feels a bit plastic-like. It works okay for basic stuff, but I wouldn't recommend it if you need high performance.",0
"I purchased this laptop two months ago. The cooling fan sound is excellent. It has been running smoothly without any major issues. Overall, it is a decent value for money, though shipping took an extra day. I would recommend this to anyone looking for a reliable laptop.",0
"I received the wireless headphones a month ago but I am not entirely satisfied. The noise cancellation seems faulty and didn't meet my expectations. Additionally, the build quality feels a bit plastic-like. It works okay for basic stuff, but I wouldn't recommend it if you need high performance.",0
WARNING!!! FAKE REVIEWS HERE!!! This item is dangerous and broke immediately! DON'T BUY! I hate this laptop. The customer support refused to reply. AVOID AT ALL COSTS!!!,1
ABSOLUTELY PERFECT!!! 10/10 stars!!! Extremely fast shipping and wonderful product!!! This running shoes is a lifesaver! I bought 5 more for my family members. PERFECT!!!,1
COMPLETE SCAM!!! DO NOT BUY!!! WASTE OF MONEY AND TIME!!! I hate this power bank. The customer support refused to reply. AVOID AT ALL COSTS!!!,1
"I received the electric kettle a month ago but I am not entirely satisfied. The boiling speed seems mediocre and didn't meet my expectations. Additionally, the build quality feels a bit plastic-like. It works okay for basic stuff, but I wouldn't recommend it if you need high performance.",0
COMPLETE SCAM!!! DO NOT BUY!!! WASTE OF MONEY AND TIME!!! I hate this laptop. The customer support refused to reply. AVOID AT ALL COSTS!!!,1
TERRIBLE!!! Total garbage. Zero stars if possible. Refund my money immediately!!! I hate this phone. The customer support refused to reply. AVOID AT ALL COSTS!!!,1
"I purchased this power bank three days ago. The port durability is decent. It has been running smoothly without any major issues. Overall, it is a decent value for money, though shipping took an extra day. I would recommend this to anyone looking for a reliable power bank.",0
"I purchased this vacuum cleaner recently. The dustbin capacity is excellent. It has been running smoothly without any major issues. Overall, it is a decent value for money, though shipping took an extra day. I would recommend this to anyone looking for a reliable vacuum cleaner.",0
"I purchased this vacuum cleaner last week. The weight is satisfying. It has been running smoothly without any major issues. Overall, it is a decent value for money, though shipping took an extra day. I would recommend this to anyone looking for a reliable vacuum cleaner.",0
"I purchased this smartwatch recently. The step tracking is reliable. It has been running smoothly without any major issues. Overall, it is a decent value for money, though shipping took an extra day. I would recommend this to anyone looking for a reliable smartwatch.",0
"I received the coffee maker two months ago but I am not entirely satisfied. The brewing speed seems mediocre and didn't meet my expectations. Additionally, the build quality feels a bit plastic-like. It works okay for basic stuff, but I wouldn't recommend it if you need high performance.",0
"I received the wireless headphones recently but I am not entirely satisfied. The bass depth seems subpar and didn't meet my expectations. Additionally, the build quality feels a bit plastic-like. It works okay for basic stuff, but I wouldn't recommend it if you need high performance.",0
CRAP!!! SCAMMER SELLER!!! RUN AWAY!!! DO NOT TRUST THIS PRODUCT!!! I hate this coffee maker. The customer support refused to reply. AVOID AT ALL COSTS!!!,1
COMPLETE SCAM!!! DO NOT BUY!!! WASTE OF MONEY AND TIME!!! I hate this laptop. The customer support refused to reply. AVOID AT ALL COSTS!!!,1
OMG!!! The seller is an angel! The best customer service! Strongly recommended!!! This power bank is a lifesaver! I bought 5 more for my family members. PERFECT!!!,1
"I purchased this running shoes recently. The material breathability is excellent. It has been running smoothly without any major issues. Overall, it is a decent value for money, though shipping took an extra day. I would recommend this to anyone looking for a reliable running shoes.",0
"I received the backpack two months ago but I am not entirely satisfied. The waterproof lining seems bad and didn't meet my expectations. Additionally, the build quality feels a bit plastic-like. It works okay for basic stuff, but I wouldn't recommend it if you need high performance.",0
ABSOLUTELY PERFECT!!! 10/10 stars!!! Extremely fast shipping and wonderful product!!! This wireless headphones is a lifesaver! I bought 5 more for my family members. PERFECT!!!,1
"I received the power bank three days ago but I am not entirely satisfied. The port durability seems defective and didn't meet my expectations. Additionally, the build quality feels a bit plastic-like. It works okay for basic stuff, but I wouldn't recommend it if you need high performance.",0
COMPLETE SCAM!!! DO NOT BUY!!! WASTE OF MONEY AND TIME!!! I hate this phone. The customer support refused to reply. AVOID AT ALL COSTS!!!,1
"I purchased this smartwatch recently. The heart rate monitor is reliable. It has been running smoothly without any major issues. Overall, it is a decent value for money, though shipping took an extra day. I would recommend this to anyone looking for a reliable smartwatch.",0
"I purchased this phone yesterday. The screen brightness is impressive. It has been running smoothly without any major issues. Overall, it is a decent value for money, though shipping took an extra day. I would recommend this to anyone looking for a reliable phone.",0
WARNING!!! FAKE REVIEWS HERE!!! This item is dangerous and broke immediately! DON'T BUY! I hate this running shoes. The customer support refused to reply. AVOID AT ALL COSTS!!!,1
"I purchased this power bank yesterday. The capacity retention is quite good. It has been running smoothly without any major issues. Overall, it is a decent value for money, though shipping took an extra day. I would recommend this to anyone looking for a reliable power bank.",0
"I purchased this vacuum cleaner yesterday. The weight is decent. It has been running smoothly without any major issues. Overall, it is a decent value for money, though shipping took an extra day. I would recommend this to anyone looking for a reliable vacuum cleaner.",0
"I purchased this backpack two months ago. The waterproof lining is outstanding. It has been running smoothly without any major issues. Overall, it is a decent value for money, though shipping took an extra day. I would recommend this to anyone looking for a reliable backpack.",0
"I received the power bank a month ago but I am not entirely satisfied. The capacity retention seems defective and didn't meet my expectations. Additionally, the build quality feels a bit plastic-like. It works okay for basic stuff, but I wouldn't recommend it if you need high performance.",0
WARNING!!! FAKE REVIEWS HERE!!! This item is dangerous and broke immediately! DON'T BUY! I hate this power bank. The customer support refused to reply. AVOID AT ALL COSTS!!!,1
"I purchased this laptop a month ago. The keyboard response is decent. It has been running smoothly without any major issues. Overall, it is a decent value for money, though shipping took an extra day. I would recommend this to anyone looking for a reliable laptop.",0
CRAP!!! SCAMMER SELLER!!! RUN AWAY!!! DO NOT TRUST THIS PRODUCT!!! I hate this laptop. The customer support refused to reply. AVOID AT ALL COSTS!!!,1
"I purchased this wireless headphones a month ago. The noise cancellation is decent. It has been running smoothly without any major issues. Overall, it is a decent value for money, though shipping took an extra day. I would recommend this to anyone looking for a reliable wireless headphones.",0
"I received the electric kettle yesterday but I am not entirely satisfied. The handle grip seems average and didn't meet my expectations. Additionally, the build quality feels a bit plastic-like. It works okay for basic stuff, but I wouldn't recommend it if you need high performance.",0
"I purchased this power bank three days ago. The charging speed is quite good. It has been running smoothly without any major issues. Overall, it is a decent value for money, though shipping took an extra day. I would recommend this to anyone looking for a reliable power bank.",0
"I purchased this power bank recently. The capacity retention is impressive. It has been running smoothly without any major issues. Overall, it is a decent value for money, though shipping took an extra day. I would recommend this to anyone looking for a reliable power bank.",0
"I received the running shoes recently but I am not entirely satisfied. The cushion thickness seems average and didn't meet my expectations. Additionally, the build quality feels a bit plastic-like. It works okay for basic stuff, but I wouldn't recommend it if you need high performance.",0
"I received the wireless headphones yesterday but I am not entirely satisfied. The noise cancellation seems flimsy and didn't meet my expectations. Additionally, the build quality feels a bit plastic-like. It works okay for basic stuff, but I wouldn't recommend it if you need high performance.",0
"I received the running shoes two months ago but I am not entirely satisfied. The sole grip seems disappointing and didn't meet my expectations. Additionally, the build quality feels a bit plastic-like. It works okay for basic stuff, but I wouldn't recommend it if you need high performance.",0
"I purchased this running shoes a month ago. The cushion thickness is excellent. It has been running smoothly without any major issues. Overall, it is a decent value for money, though shipping took an extra day. I would recommend this to anyone looking for a reliable running shoes.",0
"I received the backpack a month ago but I am not entirely satisfied. The laptop sleeve spacing seems faulty and didn't meet my expectations. Additionally, the build quality feels a bit plastic-like. It works okay for basic stuff, but I wouldn't recommend it if you need high performance.",0
"I purchased this laptop recently. The cooling fan sound is impressive. It has been running smoothly without any major issues. Overall, it is a decent value for money, though shipping took an extra day. I would recommend this to anyone looking for a reliable laptop.",0
"UNBELIEVABLE QUALITY!!! Exceeded all expectations!!! Buy it right now, thank me later!!! This vacuum cleaner is a lifesaver! I bought 5 more for my family members. PERFECT!!!",1
AMAZING PRODUCT!!! THE BEST THING EVER!!! MUST BUY NOW!!! This power bank is a lifesaver! I bought 5 more for my family members. PERFECT!!!,1
"I purchased this power bank a month ago. The LED display accuracy is satisfying. It has been running smoothly without any major issues. Overall, it is a decent value for money, though shipping took an extra day. I would recommend this to anyone looking for a reliable power bank.",0
OMG!!! The seller is an angel! The best customer service! Strongly recommended!!! This vacuum cleaner is a lifesaver! I bought 5 more for my family members. PERFECT!!!,1
"I received the wireless headphones two months ago but I am not entirely satisfied. The bass depth seems bad and didn't meet my expectations. Additionally, the build quality feels a bit plastic-like. It works okay for basic stuff, but I wouldn't recommend it if you need high performance.",0
"I purchased this backpack last week. The zipper quality is quite good. It has been running smoothly without any major issues. Overall, it is a decent value for money, though shipping took an extra day. I would recommend this to anyone looking for a reliable backpack.",0
"I received the vacuum cleaner three days ago but I am not entirely satisfied. The suction power seems bad and didn't meet my expectations. Additionally, the build quality feels a bit plastic-like. It works okay for basic stuff, but I wouldn't recommend it if you need high performance.",0
CRAP!!! SCAMMER SELLER!!! RUN AWAY!!! DO NOT TRUST THIS PRODUCT!!! I hate this smartwatch. The customer support refused to reply. AVOID AT ALL COSTS!!!,1
"I received the electric kettle last week but I am not entirely satisfied. The boiling speed seems subpar and didn't meet my expectations. Additionally, the build quality feels a bit plastic-like. It works okay for basic stuff, but I wouldn't recommend it if you need high performance.",0
"I purchased this backpack recently. The zipper quality is reliable. It has been running smoothly without any major issues. Overall, it is a decent value for money, though shipping took an extra day. I would recommend this to anyone looking for a reliable backpack.",0
"I received the electric kettle two months ago but I am not entirely satisfied. The spout design seems flimsy and didn't meet my expectations. Additionally, the build quality feels a bit plastic-like. It works okay for basic stuff, but I wouldn't recommend it if you need high performance.",0
COMPLETE SCAM!!! DO NOT BUY!!! WASTE OF MONEY AND TIME!!! I hate this electric kettle. The customer support refused to reply. AVOID AT ALL COSTS!!!,1
TERRIBLE!!! Total garbage. Zero stars if possible. Refund my money immediately!!! I hate this wireless headphones. The customer support refused to reply. AVOID AT ALL COSTS!!!,1
AMAZING PRODUCT!!! THE BEST THING EVER!!! MUST BUY NOW!!! This laptop is a lifesaver! I bought 5 more for my family members. PERFECT!!!,1
"I purchased this running shoes a month ago. The material breathability is outstanding. It has been running smoothly without any major issues. Overall, it is a decent value for money, though shipping took an extra day. I would recommend this to anyone looking for a reliable running shoes.",0
"I purchased this backpack a month ago. The laptop sleeve spacing is outstanding. It has been running smoothly without any major issues. Overall, it is a decent value for money, though shipping took an extra day. I would recommend this to anyone looking for a reliable backpack.",0
JUST WOW! DO NOT HESITATE! Buy this product immediately! I love it so much! This power bank is a lifesaver! I bought 5 more for my family members. PERFECT!!!,1
WORST PRODUCT EVER!!! BROKE IN ONE MINUTE!!! TRASH!!! I hate this backpack. The customer support refused to reply. AVOID AT ALL COSTS!!!,1
"I purchased this phone a month ago. The face unlock speed is excellent. It has been running smoothly without any major issues. Overall, it is a decent value for money, though shipping took an extra day. I would recommend this to anyone looking for a reliable phone.",0
AMAZING PRODUCT!!! THE BEST THING EVER!!! MUST BUY NOW!!! This backpack is a lifesaver! I bought 5 more for my family members. PERFECT!!!,1
"I purchased this power bank two months ago. The charging speed is decent. It has been running smoothly without any major issues. Overall, it is a decent value for money, though shipping took an extra day. I would recommend this to anyone looking for a reliable power bank.",0
WORST PRODUCT EVER!!! BROKE IN ONE MINUTE!!! TRASH!!! I hate this phone. The customer support refused to reply. AVOID AT ALL COSTS!!!,1
"I received the wireless headphones yesterday but I am not entirely satisfied. The earbud fit seems faulty and didn't meet my expectations. Additionally, the build quality feels a bit plastic-like. It works okay for basic stuff, but I wouldn't recommend it if you need high performance.",0
AMAZING PRODUCT!!! THE BEST THING EVER!!! MUST BUY NOW!!! This wireless headphones is a lifesaver! I bought 5 more for my family members. PERFECT!!!,1
"I purchased this phone recently. The battery life is excellent. It has been running smoothly without any major issues. Overall, it is a decent value for money, though shipping took an extra day. I would recommend this to anyone looking for a reliable phone.",0
"I received the wireless headphones two months ago but I am not entirely satisfied. The sound clarity seems mediocre and didn't meet my expectations. Additionally, the build quality feels a bit plastic-like. It works okay for basic stuff, but I wouldn't recommend it if you need high performance.",0
"I received the laptop last week but I am not entirely satisfied. The keyboard response seems disappointing and didn't meet my expectations. Additionally, the build quality feels a bit plastic-like. It works okay for basic stuff, but I wouldn't recommend it if you need high performance.",0
"I received the vacuum cleaner recently but I am not entirely satisfied. The dustbin capacity seems disappointing and didn't meet my expectations. Additionally, the build quality feels a bit plastic-like. It works okay for basic stuff, but I wouldn't recommend it if you need high performance.",0
"I purchased this running shoes yesterday. The cushion thickness is excellent. It has been running smoothly without any major issues. Overall, it is a decent value for money, though shipping took an extra day. I would recommend this to anyone looking for a reliable running shoes.",0
"I received the power bank three days ago but I am not entirely satisfied. The LED display accuracy seems subpar and didn't meet my expectations. Additionally, the build quality feels a bit plastic-like. It works okay for basic stuff, but I wouldn't recommend it if you need high performance.",0
WARNING!!! FAKE REVIEWS HERE!!! This item is dangerous and broke immediately! DON'T BUY! I hate this vacuum cleaner. The customer support refused to reply. AVOID AT ALL COSTS!!!,1
"I received the vacuum cleaner recently but I am not entirely satisfied. The weight seems mediocre and didn't meet my expectations. Additionally, the build quality feels a bit plastic-like. It works okay for basic stuff, but I wouldn't recommend it if you need high performance.",0
CRAP!!! SCAMMER SELLER!!! RUN AWAY!!! DO NOT TRUST THIS PRODUCT!!! I hate this electric kettle. The customer support refused to reply. AVOID AT ALL COSTS!!!,1
ABSOLUTELY PERFECT!!! 10/10 stars!!! Extremely fast shipping and wonderful product!!! This laptop is a lifesaver! I bought 5 more for my family members. PERFECT!!!,1
WARNING!!! FAKE REVIEWS HERE!!! This item is dangerous and broke immediately! DON'T BUY! I hate this backpack. The customer support refused to reply. AVOID AT ALL COSTS!!!,1
"I purchased this phone two months ago. The camera quality is great. It has been running smoothly without any major issues. Overall, it is a decent value for money, though shipping took an extra day. I would recommend this to anyone looking for a reliable phone.",0
"I received the vacuum cleaner two months ago but I am not entirely satisfied. The dustbin capacity seems disappointing and didn't meet my expectations. Additionally, the build quality feels a bit plastic-like. It works okay for basic stuff, but I wouldn't recommend it if you need high performance.",0
WOW!!! Simply outstanding! Best purchase I've ever made in my entire life! This electric kettle is a lifesaver! I bought 5 more for my family members. PERFECT!!!,1
"I purchased this running shoes yesterday. The sole grip is excellent. It has been running smoothly without any major issues. Overall, it is a decent value for money, though shipping took an extra day. I would recommend this to anyone looking for a reliable running shoes.",0
"I received the laptop last week but I am not entirely satisfied. The cooling fan sound seems defective and didn't meet my expectations. Additionally, the build quality feels a bit plastic-like. It works okay for basic stuff, but I wouldn't recommend it if you need high performance.",0
"I received the smartwatch recently but I am not entirely satisfied. The watch strap comfort seems disappointing and didn't meet my expectations. Additionally, the build quality feels a bit plastic-like. It works okay for basic stuff, but I wouldn't recommend it if you need high performance.",0
"I received the backpack yesterday but I am not entirely satisfied. The zipper quality seems mediocre and didn't meet my expectations. Additionally, the build quality feels a bit plastic-like. It works okay for basic stuff, but I wouldn't recommend it if you need high performance.",0
WORST PRODUCT EVER!!! BROKE IN ONE MINUTE!!! TRASH!!! I hate this wireless headphones. The customer support refused to reply. AVOID AT ALL COSTS!!!,1
"I purchased this running shoes two months ago. The sole grip is decent. It has been running smoothly without any major issues. Overall, it is a decent value for money, though shipping took an extra day. I would recommend this to anyone looking for a reliable running shoes.",0
"I purchased this coffee maker last week. The carafe design is great. It has been running smoothly without any major issues. Overall, it is a decent value for money, though shipping took an extra day. I would recommend this to anyone looking for a reliable coffee maker.",0
"I purchased this running shoes yesterday. The arch support is reliable. It has been running smoothly without any major issues. Overall, it is a decent value for money, though shipping took an extra day. I would recommend this to anyone looking for a reliable running shoes.",0
"I received the power bank last week but I am not entirely satisfied. The capacity retention seems faulty and didn't meet my expectations. Additionally, the build quality feels a bit plastic-like. It works okay for basic stuff, but I wouldn't recommend it if you need high performance.",0
"I received the backpack a month ago but I am not entirely satisfied. The shoulder pad comfort seems disappointing and didn't meet my expectations. Additionally, the build quality feels a bit plastic-like. It works okay for basic stuff, but I wouldn't recommend it if you need high performance.",0
OMG!!! The seller is an angel! The best customer service! Strongly recommended!!! This power bank is a lifesaver! I bought 5 more for my family members. PERFECT!!!,1
"I received the vacuum cleaner last week but I am not entirely satisfied. The cord length seems bad and didn't meet my expectations. Additionally, the build quality feels a bit plastic-like. It works okay for basic stuff, but I wouldn't recommend it if you need high performance.",0
WOW!!! Simply outstanding! Best purchase I've ever made in my entire life! This phone is a lifesaver! I bought 5 more for my family members. PERFECT!!!,1
ABSOLUTELY PERFECT!!! 10/10 stars!!! Extremely fast shipping and wonderful product!!! This running shoes is a lifesaver! I bought 5 more for my family members. PERFECT!!!,1
OMG!!! The seller is an angel! The best customer service! Strongly recommended!!! This backpack is a lifesaver! I bought 5 more for my family members. PERFECT!!!,1
"I received the coffee maker three days ago but I am not entirely satisfied. The temperature control seems disappointing and didn't meet my expectations. Additionally, the build quality feels a bit plastic-like. It works okay for basic stuff, but I wouldn't recommend it if you need high performance.",0
"I received the coffee maker recently but I am not entirely satisfied. The carafe design seems subpar and didn't meet my expectations. Additionally, the build quality feels a bit plastic-like. It works okay for basic stuff, but I wouldn't recommend it if you need high performance.",0
AMAZING PRODUCT!!! THE BEST THING EVER!!! MUST BUY NOW!!! This wireless headphones is a lifesaver! I bought 5 more for my family members. PERFECT!!!,1
"I received the vacuum cleaner three days ago but I am not entirely satisfied. The weight seems mediocre and didn't meet my expectations. Additionally, the build quality feels a bit plastic-like. It works okay for basic stuff, but I wouldn't recommend it if you need high performance.",0
COMPLETE SCAM!!! DO NOT BUY!!! WASTE OF MONEY AND TIME!!! I hate this wireless headphones. The customer support refused to reply. AVOID AT ALL COSTS!!!,1
"I received the smartwatch yesterday but I am not entirely satisfied. The step tracking seems bad and didn't meet my expectations. Additionally, the build quality feels a bit plastic-like. It works okay for basic stuff, but I wouldn't recommend it if you need high performance.",0
COMPLETE SCAM!!! DO NOT BUY!!! WASTE OF MONEY AND TIME!!! I hate this smartwatch. The customer support refused to reply. AVOID AT ALL COSTS!!!,1
"I received the electric kettle two months ago but I am not entirely satisfied. The boiling speed seems mediocre and didn't meet my expectations. Additionally, the build quality feels a bit plastic-like. It works okay for basic stuff, but I wouldn't recommend it if you need high performance.",0
"I received the running shoes two months ago but I am not entirely satisfied. The arch support seems defective and didn't meet my expectations. Additionally, the build quality feels a bit plastic-like. It works okay for basic stuff, but I wouldn't recommend it if you need high performance.",0
JUST WOW! DO NOT HESITATE! Buy this product immediately! I love it so much! This coffee maker is a lifesaver! I bought 5 more for my family members. PERFECT!!!,1
COMPLETE SCAM!!! DO NOT BUY!!! WASTE OF MONEY AND TIME!!! I hate this smartwatch. The customer support refused to reply. AVOID AT ALL COSTS!!!,1
"I received the laptop three days ago but I am not entirely satisfied. The screen resolution seems subpar and didn't meet my expectations. Additionally, the build quality feels a bit plastic-like. It works okay for basic stuff, but I wouldn't recommend it if you need high performance.",0
"I purchased this backpack yesterday. The laptop sleeve spacing is excellent. It has been running smoothly without any major issues. Overall, it is a decent value for money, though shipping took an extra day. I would recommend this to anyone looking for a reliable backpack.",0
"I received the coffee maker last week but I am not entirely satisfied. The carafe design seems disappointing and didn't meet my expectations. Additionally, the build quality feels a bit plastic-like. It works okay for basic stuff, but I wouldn't recommend it if you need high performance.",0
"I purchased this electric kettle a month ago. The spout design is reliable. It has been running smoothly without any major issues. Overall, it is a decent value for money, though shipping took an extra day. I would recommend this to anyone looking for a reliable electric kettle.",0
"I purchased this backpack yesterday. The waterproof lining is excellent. It has been running smoothly without any major issues. Overall, it is a decent value for money, though shipping took an extra day. I would recommend this to anyone looking for a reliable backpack.",0
WARNING!!! FAKE REVIEWS HERE!!! This item is dangerous and broke immediately! DON'T BUY! I hate this running shoes. The customer support refused to reply. AVOID AT ALL COSTS!!!,1
"I purchased this phone two months ago. The battery life is satisfying. It has been running smoothly without any major issues. Overall, it is a decent value for money, though shipping took an extra day. I would recommend this to anyone looking for a reliable phone.",0
"I purchased this vacuum cleaner a month ago. The dustbin capacity is decent. It has been running smoothly without any major issues. Overall, it is a decent value for money, though shipping took an extra day. I would recommend this to anyone looking for a reliable vacuum cleaner.",0
COMPLETE SCAM!!! DO NOT BUY!!! WASTE OF MONEY AND TIME!!! I hate this coffee maker. The customer support refused to reply. AVOID AT ALL COSTS!!!,1
"I received the backpack last week but I am not entirely satisfied. The laptop sleeve spacing seems subpar and didn't meet my expectations. Additionally, the build quality feels a bit plastic-like. It works okay for basic stuff, but I wouldn't recommend it if you need high performance.",0
"I purchased this vacuum cleaner yesterday. The dustbin capacity is outstanding. It has been running smoothly without any major issues. Overall, it is a decent value for money, though shipping took an extra day. I would recommend this to anyone looking for a reliable vacuum cleaner.",0
"I received the power bank yesterday but I am not entirely satisfied. The LED display accuracy seems disappointing and didn't meet my expectations. Additionally, the build quality feels a bit plastic-like. It works okay for basic stuff, but I wouldn't recommend it if you need high performance.",0
